items_address,items_city,items_lat,items_lng,items_state,items_title,items_zip,items_dist,items_traveltime
"AIIMS Campus Rd, AIIMS Campus, Saket Nagar, Habib Ganj, 462026 Bhopal, Madhya Pradesh , India",Bhopal,23.207355,77.457809,Madhya Pradesh ," All India Institute of Medical Sciences (AIIMS), Bhopal",462026,0,0
"9th Floor, ASHA Building, IDA Scudder Road, 632004 Vellore, Tamil Nadu, India",Vellore,12.924607,79.132622,Tamil Nadu," Christian Medical College, Vellore",632004,0,0
" Type III, President's Estate, 110001 New Delhi, Delhi, India",New Delhi,28.625759000000002,77.198448,Delhi," Ram Manohar Lohia Hospital, New Delhi",110001,0,0
" 3, High Ground Rd, Palayamkottai, 627011 Tirunelveli, Tamil Nadu, India",Tirunelveli,8.711757,77.748627,Tamil Nadu," Tirunelveli Medical College, Tirunelveli",627011,0,0
" CTS No 809, F.P. 147, Nayantara Building, 411004 Pune, Maharashtra, India",Pune,18.518810000000002,73.82871999999999,Maharashtra,"A.G Diagnostics Pvt Ltd,  Pune",411004,0,0
"Great Eastern Rd, AIIMS Campus, Tatibandh, 492099 Raipur, Chhattisgarh , India",Raipur,21.2568,81.579193,Chhattisgarh ,"All India Institute of Medical Science (AIIMS), Raipur",492099,0,0
"near Aiims hospital, Sijua, Patrapada, , 751019 Bhubaneswar, , Odisha , India","Bhubaneswar, ",20.231129,85.77510799999999,Odisha ,"All India Institute of Medical Sciences (AIIMS), Bhubaneswar",751019,0,0
"Basni Industrial Area, MIA 2nd Phase, Basni, , 342005 Jodhpur, Rajasthan, India",Jodhpur,26.240667,73.004997,Rajasthan,"All India Institute of Medical Sciences (AIIMS), Jodhpur",342005,0,0
"Sri Aurobindo Marg, Ansari Nagar, Ansari Nagar East, , 110029 New Delhi,, Delhi , India","New Delhi,",28.567045,77.20989200000001,Delhi ,"All India Institute of Medical Sciences (AIIMS), New Delhi",110029,0,0
"Virbhadra Road Shivaji Nagar, near Barrage, Sturida Colony , 249203 Rishikesh,  Uttarakhand, India",Rishikesh,30.078964000000003,78.28388199999999, Uttarakhand,"All India Institute of Medical Sciences (AIIMS), Rishikesh",249203,0,0
"Kanchi Gachibowli Rd, Nallagandla, Serilingampally, 500019 Hyderabad, Telangana , India",Hyderabad,17.4706,78.311401,Telangana ,"AMERICAN Institute of Pathology and Laboratory Sciences Private Limited, Hyderabad",500019,0,0
"58, Canal Circular Road, 700054 Kolkata, West Bengal, India",Kolkata,22.574793,88.384064,West Bengal,"Apollo Gleneagles Hospitals, Kolkata",700054,0,0
"NOS, 140/A, 140/B, 140/C, 141/A, 141/B, 141/C, Thokatta Village, 500011 Secunderabad, Telangana, India",Secunderabad,17.469124,78.48214,Telangana,"Apollo Health and Lifestyle Limited-Secunderabad, Diagnostics Laboratory, Hyderabad",500011,0,0
" 21 Greams Lane, Off Greams Road,, 600006 Chennai, Tamil Nadu, India",Chennai,13.046235000000001,80.150368,Tamil Nadu,"Apollo Hospitals Enterprise Limited, Chennai",600006,0,0
" Southern Command, Solapur Road, Wanowrie, near Race Course, 411040 Pune, Maharashtra, India",Pune,18.504044,73.887901,Maharashtra,"Armed Forces Medical College, Pune",411040,0,0
"Subroto Park,, 110010 New Delhi, Delhi, India",New Delhi,28.583654,77.15567800000001,Delhi,"Army Hospital Research & Referral, New Delhi",110010,0,0
"Fort, Krishna Rajendra Rd, , 560002 Bengaluru, , Karnataka , India","Bengaluru, ",12.959349000000001,77.574692,Karnataka ,"Bangalore Medical College & Research Institute, Bangaluru",560002,0,0
"B j medical college, 380016 Asarwa, Gujarat , India",Asarwa,23.052471,72.602859,Gujarat ,"BJ Medical College, Ahmedabad ",380016,0,0
"Jai Prakash Narayan Road, Railway Station Rd, 411001 Pune, Maharashtra, India",Pune,18.526237,73.868935,Maharashtra,"BJ Medical College, Pune",411001,0,0
"Ganaur - Gohana Rd, 131305 Khanpur Kalan, Haryana , India",Khanpur Kalan,29.151688,76.808228,Haryana ,"BPS Government Medical College for Women, Sonipat",131305,0,0
", 560018 Bengaluru, Karnataka, India",Bengaluru,12.957604,77.564575,Karnataka,"Cancyte Technologies Private Limited, Bengaluru",560018,0,0
"Tejaswini Hills, Periye (PO), 671316 Kasaragod, Kerala, India",Kasaragod,12.393007,75.091675,Kerala,"Central University of Kerala, Kasaragod",671316,0,0
"Molecular Laboratory, Third Floor,City Imaging Building, 4B/18, Tilak Nagar, 110018 New Delhi, Delhi, India",New Delhi,28.639034000000002,77.101349,Delhi,"City x-Ray & Scan Clinic Pvt. Ltd., New Delhi ",110018,0,0
"1 A, SF No 498, Avinashi Rd, 641018 Peelamedu, Tamil Nadu, India",Peelamedu,11.028704,77.02170600000001,Tamil Nadu,"Coimbatore Medical College, Coimbatore",641018,0,0
"Cambridge Rd, Cambridge Layout, 560007 Bengaluru, Karnataka, India",Bengaluru,12.964655,77.625938,Karnataka,"Command Hospital (Air Force), Bengaluru",560007,0,0
"Lucknow, 226002 Lucknow, Uttar Pradesh, India",Lucknow,26.817455,80.938622,Uttar Pradesh,"Command Hospital, Lucknow",226002,0,0
"406, Udyog Vihar III, Sector 20, 122016 Gurugram, Haryana, India",Gurugram,28.509289000000003,77.089455,Haryana,"CORE Diagnostics Pvt Ltd, Gurugram",122016,0,0
"DMCH Rd, Allalpatti, Laheriasarai, 846003 Darbhanga, Bihar, India",Darbhanga,26.133432,85.89924599999999,Bihar,"Darbhanga Medical College, Darbhanga",846003,0,0
"DDRC SRL TOWER,G-131, Panampilly Nagar, 682036 Ernakulam, Kerala , India",Ernakulam,9.963544,76.295296,Kerala ,"DDRC SRL Diagnostics Pvt Ltd, Ernakulam",682036,0,0
"Jhansi Road, 474002 Gwalior, Madhya Pradesh, India",Gwalior,26.221937,78.177666,Madhya Pradesh,"Defence Research & Development Establishment (DRDE), Gwalior",474002,0,0
"14, MAR(E-W), DH Block(Newtown), Action Area I, Newtown, 700160 Kolkata, West Bengal, India",Kolkata,22.577131,88.479652,West Bengal,"Department of Laboratory Sciences, Tata Medical Center, Kolkata",700160,0,0
"plot no 251, Sainik School Rd, Unit 15, Gajapati Nagar, 751005 Bhubaneswar, Odisha , India",Bhubaneswar,20.30575,85.831734,Odisha ,"Department of Laboratory Services Apollo Hospitals, Bhubaneswar",751005,0,0
"B7 Rd, Block E, Sector 18, 110085 Rohini, New Delhi, Delhi, India","Rohini, New Delhi",28.738857,77.13421600000001,Delhi,"Dr Lal PathLabs, National Reference laboratory",110085,0,0
"7-B Astley Hall, 248001 Dehradun, Uttarakhand, India",Dehradun,30.326824,78.047012,Uttarakhand,"Dr. Ahuja’s Pathlogy and Imaging Centre-Department of Laboratory Medicine, Dehradun",248001,0,0
"C2/1 SDA AURBINDO MARG, 110016 New Delhi, Delhi, India",New Delhi,28.550137,77.201256,Delhi,"Dr. Dang’s Lab, New Delhi",110016,0,0
"Titus Plaza, 1st Floor, Sharma Commercial Complex, 500082 Hyderabad, Telangana, India",Hyderabad,17.424494,78.450851,Telangana,"DR. REMEDIES LABS PRIVATE LIMITED, Hyderabad",500082,0,0
"Residency Road, Near Sriram Excellency Hotel, Sector-D, Shastri Nagar, opposite Petrol Pump, 342003 Jodhpur, Rajasthan , India",Jodhpur,26.269421,73.005219,Rajasthan ,"Dr. Sampurnanand Medical College, Jodhpur",342003,0,0
"Barpeta-Hospital-Jania Rd, Joti Gaon, 781301 Barpeta, Assam, India",Barpeta,26.324447999999997,90.984985,Assam,"Fakhruddin Medical College, Barpeta",781301,0,0
" Sultania Rd, near Hamidia Hospital, Royal Market, 462001 Bhopal, Madhya Pradesh, India",Bhopal,23.259929999999997,77.388763,Madhya Pradesh,"Gandhi Medical College, Bhopal",462001,0,0
" Musheerabad, Padmarao Nagar, 500003 Secunderabad, Telangana, India",Secunderabad,17.424665,78.502197,Telangana,"Gandhi Medical College, Secunderabad",500003,0,0
"Narakasur Hilltop, Bhangagarh, 781032 Guwahati, Assam , India",Guwahati,26.154239999999998,91.770081,Assam ,"Gauhati Medical College, Guwahati ",781032,0,0
"Bambolim, 403202 Tiswadi, Goa, India",Tiswadi,15.464310999999999,73.858414,Goa,"Goa Medical College and Hospital, Bambolim",403202,0,0
"Periyamilaguparai, Colletor's office Road, 620001 Trichy, Tamil Nadu, India",Trichy,10.798005,78.676613,Tamil Nadu,Government Medical College,620001,0,0
"Chandi Path, Sector 32B, 32B, Sector 32, 160047 Chandigarh, Chandigarh, India",Chandigarh,30.708832,76.778297,Chandigarh,"Government Medical College & Hospital, Chandigarh",160047,0,0
"Pandharpur Rd, Maji Sainik Vasahat,  , 416410 Miraj, , Maharashtra, India","Miraj, ",16.837025,74.64520999999999,Maharashtra,"Government Medical College And Hospital, Miraj",416410,0,0
"79 Tilla, 799006 Agartala, Tripura, India",Agartala,23.831310000000002,91.261597,Tripura,"Government Medical College, Agartala",799006,0,0
"Rahamat Nagar, 515001 Anantapur, Andhra Pradesh , India",Anantapur,14.6712,77.592903,Andhra Pradesh ,"Government Medical College, Anantapur",515001,0,0
"Near State Road Transport Corporation Bus Stand, , 364001 Bhavnagar, Gujarat, India",Bhavnagar,21.768614000000003,72.13700899999999,Gujarat,"Government Medical College, Bhavnagar Gujarat",364001,0,0
"Rampur Rd, Rampur, 263129 Haldwani, Uttarakhand , India",Haldwani,29.206326,79.518745,Uttarakhand ,"Government Medical College, Haldwani",263129,0,0
"17 Medical College Road Medical College Junction, , 673008 Near Police Station, Kozhikode,,  Kerala , India","Near Police Station, Kozhikode,",11.27228,75.83719599999999, Kerala ,"Government Medical College, Kozhikode ",673008,0,0
"Sangrur Rd, New Lal Bagh Colony,, 147001  Patiala,  Punjab, India", Patiala,30.328062,76.382942, Punjab,"Government Medical College, Patiala",147001,0,0
"Sadar Civil Hospital Campus, , 360001  Rajkot, Gujarat , India", Rajkot,22.305006,70.798424,Gujarat ,"Government Medical College, Rajkot, Gujarat",360001,0,0
"Opp Income Tax Department Office, Majura Gate, 395001 Surat, Gujarat , India",Surat,21.178091000000002,72.82024399999999,Gujarat ,"Government Medical College, Surat",395001,0,0
" Collector Office Road, 610004 Thiruvarur, Tamil Nadu, India",Thiruvarur,10.776112,79.602654,Tamil Nadu,"Government Medical College, Thiruvarur",610004,0,0
"M. G. Kavu, , 680596 Thrissur, , Kerala , India","Thrissur, ",10.614175999999999,76.19560200000001,Kerala ,"Government Medical College, Thrissur",680596,0,0
"Ulloor - Akkulam Rd, near SAT hospital Medical College Junction, ,  695011  Chalakkuzhi, Thiruvananthapuram,,  Kerala, India"," Chalakkuzhi, Thiruvananthapuram,",8.524302,76.924255, Kerala,"Government Medical College, Trivandrum", 695011,0,0
"Vinoba Bhave Rd, Anandpura, 390001 Vadodara, Gujarat , India",Vadodara,22.304007000000002,73.19180300000001,Gujarat ,"Government Medical College, Vadodara",390001,0,0
"Govt. Theni Medical College, 625531 Theni, Tamil Nadu, India",Theni,10.006198,77.551498,Tamil Nadu,"Government Theni  Medical College, Theni",625531,0,0
"GST Road, 605601 Villupuram, Tamil Nadu, India",Villupuram,11.994311,79.51301600000001,Tamil Nadu,"Government Villupuram Medical College, Villupuram",605601,0,0
"University Road, Jubilee Park, 431004  Aurangabad, Maharashtra , India", Aurangabad,19.889298999999998,75.318611,Maharashtra ,Govt Medical College & Hospital Aurangabad,431004,0,0
"Rangbari Rd, Sector - A, 324010 Kota, Rajasthan, India",Kota,25.123581,75.827454,Rajasthan,"Govt. Medical College, Kota",324010,0,0
"J J Marg, Nagpada-Mumbai Central, J J Marg, Nagpada-Mumbai Central, Noor Baug, Mazgaon, , 400008 Mumbai, , Maharashtra , India","Mumbai, ",18.963520000000003,72.833588,Maharashtra ,"Grant Medical College & Sir JJ Hospital, Mumbai",400008,0,0
"Sedam Rd,Veeresh Nagar Cross, behind MRMC, , 585101 Gulbarga, , Karnataka , India","Gulbarga, ",17.328522,76.839897,Karnataka ,"Gulbarga Institute Of Medical Sciences, Gulbarga",585101,0,0
"Acharya Donde Marg, Parel, 400012 Mumbai, Maharashtra, India",Mumbai,19.002079000000002,72.843765,Maharashtra,"Haffkine Institute, Mumbai",400012,0,0
"Shri panchamukhi medicals and clinic, opp. govt high school, , 573201 Hassan, , Karnataka , India","Hassan, ",13.00489,76.102692,Karnataka ,"Hassan Institute of Medical Sciences, Hassan",573201,0,0
"Baba Raghav Das (BRD) Medical College Campus, 273013 Gorakhpur, Uttar Pradesh, India",Gorakhpur,26.812803000000002,83.398865,Uttar Pradesh,"ICMR- Regional Medical Research Centre, Gorakhpur",273013,0,0
"Off Marol Military Road, 400072  Andheri East, Maharashtra, India", Andheri East,19.110266,72.884895,Maharashtra,"iGenetic Diagnostics Pvt. Ltd., Mumbai",400072,0,0
"Mayo Hospital, Central Ave, Mominpura, , 440018 Nagpur, Maharashtra , India",Nagpur,21.153418,79.091782,Maharashtra ,Indira Gandhi Government Medical College & Hospital,440018,0,0
"Allahabad bank, Bailey Rd, 800014 Sheikhpura, Patna, Bihar, India","Sheikhpura, Patna",25.610615,85.088951,Bihar,"Indira Gandhi Institute of Medical Sciences, Patna",800014,0,0
"Ridge Sanjauli Rd, Lakkar Bazar, , 171001 Shimla, , Himachal Pradesh , India","Shimla, ",31.106512,77.18225100000001,Himachal Pradesh ,"Indira Gandhi Medical College, Shimla",171001,0,0
"Road Number 23, Wagle Industrial Estate, 400604 Thane, Maharashtra, India",Thane,19.195042,72.946365,Maharashtra,"InfeXn Laboratories Private Ltd, Thane",400604,0,0
" D1 ILBS Road, Vasant Kunj,, 110070 New Delhi, Delhi, India",New Delhi,28.506643,77.163948,Delhi,"Institute of Liver and Biliary Sciences, New Delhi",110070,0,0
"Aurobindo Colony, Banaras Hindu University Campus, ,  221005 Varanasi,, Uttar Pradesh, India","Varanasi,",25.274498,82.999542,Uttar Pradesh,Institute of Medical Sciences BHU, 221005,0,0
"244, Acharya Jagadish Chandra Bose Rd, Bhowanipore, 700020  Kolkata,  West Bengal , India", Kolkata,22.53969,88.34221600000001, West Bengal ,"Institute of Post Graduate Medical Education & Research (IPGMER), Kolkata",700020,0,0
"Narayanaguda, 500029 Hyderabad, Telangana, India",Hyderabad,17.394382,78.49205,Telangana,"Institute Of Preventive Medicine, Hyderabad",500029,0,0
"Thalappady, , 686019 Thalappady, , Kerala , India","Thalappady, ",9.57547,76.578987,Kerala ,"Interuniversity, kottayam",686019,0,0
"Jipmer Campus Rd, Gorimedu, Dhanvantari Nagar, ,  605006 Puducherry,, Puducherry,, India","Puducherry,",11.950302,79.797508,"Puducherry,","Jawaharlal Institute of Postgraduate Medical Education & Research, Puducherry", 605006,0,0
"Porompat, , 795004 Imphal, ,  Manipur, India","Imphal, ",24.809977,93.96096, Manipur,"Jawaharlal Nehru Institute of Medical Sciences, Imphal-East, Manipur",795004,0,0
"Medical Rd, AMU Campus, 202002 Aligarh, Uttar Pradesh , India",Aligarh,27.916860999999997,78.087112,Uttar Pradesh ,"Jawaharlal Nehru Medical College, Aligarh",202002,0,0
"N.H.-12, Kota Rd, Jhalawar, , 326001 Jhalawar,, Rajasthan , India","Jhalawar,",24.58556,76.158852,Rajasthan ,"Jhalawar Medical College, Jhalawar, Rajasthan",326001,0,0
" Kala Bagh, 305001 Ajmer, Rajasthan, India",Ajmer,26.467302,74.634148,Rajasthan,"JLN Medical College, Ajmer",305001,0,0
"Kushal Konwar Path, Barbheta, 785001 Jorhat, Assam, India",Jorhat,26.742579,94.19483199999999,Assam,"Jorhat Medical College, Jorhat",785001,0,0
" Sane Guruji Marg, Arya Nagar, Chinchpokli, 400034 Mumbai, Maharashtra, India",Mumbai,18.984041,72.827652,Maharashtra,"Kasturba Hospital for Infectious Diseases, Mumbai",400034,0,0
"Shah Mina Rd, Chowk, 226003 Lucknow,  Uttar Pradesh, India",Lucknow,26.868741999999997,80.916214, Uttar Pradesh,"King George's Medical University, Lucknow",226003,0,0
"Guindy, 600032 Chennai, Tamil Nadu, India",Chennai,13.012446,80.215416,Tamil Nadu,"King Institute of Preventive Medicine and Research, Guindy, Chennai, Tamil Nadu",600032,0,0
"Andheri West, 400053 Mumbai, Maharashtra, India",Mumbai,19.13126,72.822868,Maharashtra,"Kokilaben Dhirubhai Ambani Hospital Laboratory, Mumbai",400053,0,0
"Steel Plant Road Sarkar Kollappatty, 636030 Salem, Tamil Nadu, India",Salem,11.671602,78.06534599999999,Tamil Nadu,"Kumar Mangalam Government Medical College, Salem",636030,0,0
"Health street Building, Jubilee Hills, 500096 Hyderabad, Telangana, India",Hyderabad,17.414244,78.410278,Telangana,"Laboratory Services Apollo Hospitals, Hyderabad",500096,0,0
"Sarita Vihar, 110076 New Delhi, Delhi, India",New Delhi,28.540602000000003,77.281235,Delhi,"Laboratory Services Indraprastha Apollo Hospitals, Sarita Vihar, New Delhi",110076,0,0
"Connaught Place, 110001 New Delhi, Delhi , India",New Delhi,28.633987,77.21257800000001,Delhi ,"Lady Hardinge Medical College, New Delhi",110001,0,0
" Garh Road, Jai Bhim Nagar, 250002 Meerut, Uttar Pradesh, India",Meerut,28.960010999999998,77.748032,Uttar Pradesh,"Lala Lajpat Rai Memorial Medical College, Meerut",250002,0,0
"Dimrapal, 494001 Jagdalpur, Chhattisgarh , India",Jagdalpur,19.050722,81.948189,Chhattisgarh ,"Late Baliram Kashyap M Govt. Medical College, Jagdalpur",494001,0,0
"Pandit Nehru Marg, Indradeep Society, 361008 Jamnagar, Gujarat , India",Jamnagar,22.477367,70.06523100000001,Gujarat ,"M.P. Shah Govt Medical College, Jamnagar",361008,0,0
"Near Park Town Station, Park Town, 600003 Chennai, Tamil Nadu, India",Chennai,13.079977,80.270096,Tamil Nadu,"Madras Medical College, Chennai, Tamil Nadu",600003,0,0
"Medical College Rd, Alwarpuram, 625020 Madurai, Tamil Nadu, India",Madurai,9.928428,78.134979,Tamil Nadu,"Madurai Medical College, Madurai",625020,0,0
"Kodiyeri, Muzhikkara - MCC Rd, 670103 Thalassery, Kerala, India",Thalassery,11.749464999999999,75.523911,Kerala,"Malabar Cancer Centre, Thalassery",670103,0,0
"1, Press Enclave Road, Saket, 110017 New Delhi, Delhi, India",New Delhi,28.527642999999998,77.2099,Delhi,"Max lab, Max Super Speciality Hospita, Saket, New Delhi",110017,0,0
"Plot 16 & 17, Swathi  Plaza, Bhavani Enclave, Anand Nagar, New Bowenpally, near Asish Gardens, 500011 Hyderabad, Telangana, India",Hyderabad,17.458767,78.478363,Telangana,"Medcis Pathlabs India Pvt.Ltd., Secunderabad",500011,0,0
"4th Floor, Commerical Building 1-A, Kohinoor City Mall, Vidyavihar (West), 400070 Mumbai, Maharashtra, India",Mumbai,19.082016,72.88353000000001,Maharashtra,Metropolis Healthcare Ltd,400070,0,0
"A.B.Road, Indore,, 452001  Indore,  Madhya Pradesh , India", Indore,22.714333,75.88069200000001, Madhya Pradesh ,"MGM Medical College, Indore",452001,0,0
"Dimna Rd, Hill View Colony, Mango, , 831020 Jamshedpur, , Jharkhand , India","Jamshedpur, ",22.843639000000003,86.232399,Jharkhand ,"MGM Medical College, Jamshedpur ",831020,0,0
"kings colony, united nagar, veerakeralam road, vadavalli, 641041 Coimbatore, Tamil Nadu, India",Coimbatore,11.014438,76.909927,Tamil Nadu,"Microbiological Laboratory, Coimbatore",641041,0,0
"Vidyasagar Rd, 721101  Midnapore, West Bengal, ", Midnapore,22.421703,87.323135,West Bengal,"Midnapore Medical College, Midnapore",721101,0,0
"Mini Bypass Rd, Govindapuram, 673016 Kozhikode, Kerala , India",Kozhikode,11.245797,75.79866,Kerala ,"MIMS Laboratory Services, Kozhikode",673016,0,0
"363-364/4, Jawahar Nagar, New Railway Road, 122001 Gurugram, Haryana, India",Gurugram,28.466013,77.02478,Haryana,"Modern Diagnostic & research Centre Laboratory, Gurugram",122001,0,0
"Plot 28-29, Electronic City, Sector 18, 122001 Gurugram, Haryana , India",Gurugram,28.500405999999998,77.072037,Haryana ,"Molq Lab (A Unit of Molecular Quest Healthcare Private Limited), Gurugram",122001,0,0
"Irwin Road, next to Railway Staion, , 570001 Mysuru, , Karnataka , India","Mysuru, ",12.314513999999999,76.646339,Karnataka ,"Mysore Medical College & Research Institute, Mysore",570001,0,0
" 22, Sham Nath Marg, Civil Lines, 110054 New Delhi, Delhi, India",New Delhi,28.679474,77.22139,Delhi,"National Centre for Disease Control, New Delhi",110054,0,0
"Nagpur Road, near NSCB Medical Collage, Dhanvantri Nagar, Shastri Nagar,, 482003 Jabalpur, Madhya Pradesh, India",Jabalpur,23.147329,79.878586,Madhya Pradesh,"National Institute for Research in Tribal Health, Jabalpur",482003,0,0
"GB 4, 1st Floor, ID & BG Hospital Campus, 57, Dr SC Banerjee Rd ,  700010 Kolkata, West Bengal , India",Kolkata,22.564617000000002,88.400352,West Bengal ,"National Institute of Cholera & Enteric Diseases (NICED), Kolkata", 700010,0,0
"Vandanam, , 688005 Allapuzzha, Kerala , India",Allapuzzha,9.418581,76.34320100000001,Kerala ,"National Institute of Virology Field Unit, Allapuzzha",688005,0,0
"Haffkine Institute Compound, A D Marg, Parel , 4000012 Mumbai, Maharashtra, India",Mumbai,19.002056,72.841553,Maharashtra,"National Institute of Virology Field Unit, Mumbai",4000012,0,0
"1st Block, Jayanagar, 560011 Bengaluru, Karnataka, India",Bengaluru,12.937333,77.588646,Karnataka,"National Institute of Virology, Field Unit, Bengaluru",560011,0,0
"130/1, Pashan - Sus Rd, 411021 Pune, Maharashtra, India",Pune,18.547873000000003,73.76904300000001,Maharashtra,"National Institute of Virology, Pune",411021,0,0
"Anand Tower, #54, Bowring Hospital Road, 560001 Bengaluru, Karnataka, India",Bengaluru,12.981785,77.602783,Karnataka,"Neuberg Anand Reference Laboratory, Bengaluru",560001,0,0
" 46 & 48, Masilamani Road, Balaji Nagar, 600 014 Chennai, Tamil Nadu, India",Chennai,13.0486,80.26387,Tamil Nadu,"Neuberg Ehrlich Laboratory Pvt Ltd,  Chennai",600 014,0,0
"Punjagutta Rd, Punjagutta Market, Punjagutta, 500082 Hyderabad, Telangana , India",Hyderabad,17.422014,78.452026,Telangana ,"Nizam's Institute Of Medical Sciences, Hyderabad",500082,0,0
"Siliguri, 734012 Siliguri, West Bengal , India",Siliguri,26.690771,88.384911,West Bengal ,"North Bengal Medical College, Darjeeling",734012,0,0
"Mawdiangdiang, , 793018 Shillong, , Meghalaya , India","Shillong, ",25.591112,91.937798,Meghalaya ,"North Eastern Indira Gandhi Regional Institute of Health & Medical Sciences (NEIGRIHMS), Shillong",793018,0,0
"3-Factory Road, Adjacent Safdarjung Hospital, 110029 New Delhi, Delhi, India",New Delhi,28.566371999999998,77.197624,Delhi,"ONCQUEST LABORATORIES LIMITED, New Delhi",110029,0,0
"5-1-876, Turrebaz Khan Rd, 500095 Hyderabad, Telangana, India",Hyderabad,17.382251999999998,78.480659,Telangana,"Osmania Medical College, Hyderabad",500095,0,0
"SH 16A, Dev Colony, , 124514 Rohtak, , Haryana , India","Rohtak, ",28.883762,76.608688,Haryana ,"Pandit Bhagwat Dayal Sharma Post Graduate  Institute of Medical Sciences, Rohtak",124514,0,0
"1st floor sankalp Squre Juna sharda Mandir Cross Road, 380006 Ahmedabad, Gujarat, India",Ahmedabad,23.019569,72.56062299999999,Gujarat,"PanGenomics International Pvt. Ltd., Ahmedabad",380006,0,0
"Sy. #34, Opp: Geethanjali Engineering College, Cheeryal (V), Keesara (M), 501301 Greater Hyderabad, Telangana , India",Greater Hyderabad,17.521467,78.632492,Telangana ,"PATHCARE Labs Pvt. Ltd., Hyderabad",501301,0,0
"Ashok Rajpath, Patna University Campus, 80001  Patna, Bihar, India", Patna,25.620943,85.16031600000001,Bihar,"Patna Medical College, Patna",80001,0,0
"Madhya Marg, Sector 12, 160012 Chandigarh, Chandigarh, India",Chandigarh,30.764415999999997,76.775047,Chandigarh,"Post Graduate Institute  of Medical Education  & Research, Chandigarh",160012,0,0
"515-516, Sector-19, Dwarka, 110075 New Delhi, Delhi, India",New Delhi,28.580231,77.051018,Delhi,"Prognosis Laboratories, New Delhi",110075,0,0
"Sadikpur, 800007 Patna, Bihar, India",Patna,25.599751,85.197723,Bihar,"Rajendra  Memorial  Research  Institute  of  Medical  Sciences, Patna",800007,0,0
"Rims Cir, Indraprasth Colony, Bariatu, , 834009 Ranchi, , Jharkhand , India","Ranchi, ",23.391525,85.34845,Jharkhand ,"Rajendra Institute of Medical Sciences, Ranchi",834009,0,0
"Melarannoor Road Behind Central Jail Poojapura, 695014 Thiruvananthapuram, Kerala, India",Thiruvananthapuram,8.492360000000001,76.96468399999999,Kerala,"Rajiv Gandhi Center for Biotechnology, Thiruvananthapuram",695014,0,0
"Pithampuram Road, 533001 Kakinada, Andhra Pradesh , India",Kakinada,16.9792,82.237297,Andhra Pradesh ,"Rangaraya Medical College, Kakinada",533001,0,0
"Lamphel Road, Lamphelpat,, 795004  Imphal,  Manipur , India", Imphal,24.815901,93.92061600000001, Manipur ,"Regional Institute of Medical Sciences, Imphal",795004,0,0
"Nandankanan Rd, Samanta Vihar, Gajapati Nagar,  751017  Bhubaneswar, Odisha, India", Bhubaneswar,20.31682,85.819847,Odisha,"Regional Medical Research Centre (RMRC), Bhubaneswar", 751017,0,0
"Bokul, Lahowal, 786001 Dibrugarh, Assam, India",Dibrugarh,27.472786,94.98284100000001,Assam,"Regional Medical Research Centre, Dibrugarh",786001,0,0
"Post Bag 13, Dollygun, 744103 Port Blair, Andaman and Nicobar Islands, India",Port Blair,11.634907,92.714638,Andaman and Nicobar Islands,"Regional Medical Research Centre, Port Blair ",744103,0,0
"A-21/A, Nirala Nagar, 226020 Lucknow, Uttar Pradesh, India",Lucknow,26.875189000000002,80.935524,Uttar Pradesh,"RML Mehrotra Pathology Pvt Ltd., Lucknow",226020,0,0
"Court Chowk, City's Prime Health Care Area, ,  313001 Udaipur, Rajasthan, India",Udaipur,24.588214999999998,73.69279499999999,Rajasthan,"RNT Medical College, Udaipur", 313001,0,0
"2nd Floor, President Plaza-A, Nanpura, 395001 Surat, Gujarat, India",Surat,21.18338,72.812172,Gujarat,"S. N. GENELAB, Nanpura, Surat",395001,0,0
"S.p.medical collage, PBM Hospital,  ,  334001 Bikaner, Rajasthan, India",Bikaner,28.006390000000003,73.328323,Rajasthan,"S.P. Medical College & Associated Group of Hospitals, Bikaner", 334001,0,0
"New PMSSY Rd, Raibareli Rd, 226014 Lucknow, Uttar Pradesh, India",Lucknow,26.743548999999998,80.94300799999999,Uttar Pradesh,"Sanjay Gandhi Post Graduate Institute, Lucknow",226014,0,0
"Jawahar Lal Nehru Marg, Gangawal Park, Adarsh Nagar, , 302004 Jaipur, Rajasthan , India",Jaipur,26.905384,75.81663499999999,Rajasthan ,"Sawai Man Singh (SMS) Medical College, Jaipur",302004,0,0
"SCB Medical College, PG Hostel, , 753001 Cuttack, , Odisha , India","Cuttack, ",20.472128,85.889336,Odisha ,"SCB Medical College, Cuttack",753001,0,0
"108, Chittaranjan Avenue, 700 073 Kolkata, West Bengal, India",Kolkata,22.574972,88.35977199999999,West Bengal,"School of Tropical Medicine, Kolkata",700 073,0,0
"Acharya Donde Marg, Parel,  400012 Mumbai, Maharashtra , India",Mumbai,19.002028,72.842033,Maharashtra ,"Seth GS Medical College & KEM Hospital, Mumbai", 400012,0,0
"Sagar Road, , 577201 Shivamogga,,  Karnataka , India","Shivamogga,",13.932601000000002,75.566864, Karnataka ,"Shimoga Institute of Medical Sciences, Shivamogga",577201,0,0
"Chakkarbardi, Malegaon Road,  ,  424001 Dhule,, Maharashtra, India","Dhule,",20.863954999999997,74.76015500000001,Maharashtra,"Shree Bhausaheb Hire Govt Medical College, Dhule", 424001,0,0
"NH 16 Service Rd, beside Dr NTR University of Health Sciences, 520008 Vijayawada, Andhra Pradesh, India",Vijayawada,16.517401,80.67130300000001,Andhra Pradesh,"Sidhartha Medical College, Vijayawada",520008,0,0
"Ghungoor Road, beside Indian Post, Masimpur, 788014 Uttar Krishnapur Pt III, Assam, India",Uttar Krishnapur Pt III,24.775801,92.794914,Assam,"Silchar Medical College, Silchar",788014,0,0
"Sarhadi Gandhi Marg, Old Rajinder Nagar, Rajinder Nagar, 110060 New Delhi, Delhi , India",New Delhi,28.638810999999997,77.190071,Delhi ,"Sir ganga ram hospital clinical laboratory services, New Delhi",110060,0,0
"MIDC, R-282, Thane - Belapur Rd, T.T.C. Industrial Area, Rabale, 400701  Navi Mumbai, Maharashtra, India",Navi Mumbai,19.139215,73.002266,Maharashtra,"Sir H.N. Reliance Foundation Hospital and Research Center, Mumbai",400701 ,0,0
"CGHS Complex, Old Aiport Road, Motilal Nehru Nagar, Begumpet, 500016 Hyderabad, Telangana , India",Hyderabad,17.445538,78.47224399999999,Telangana ,"Sir Ronald Ross of Tropical & Communicable Diseases, Hyderabad",500016,0,0
"Sungava, 737101 Gangtok, Sikkim, India",Gangtok,27.346515999999998,88.603371,Sikkim,"Sir Thutob Namgyal Memorial (STNM), Gangtok",737101,0,0
"Jai Nagar W Rd, Chalakkuzhi, 695011 Thiruvananthapuram, Kerela, India",Thiruvananthapuram,8.521672,76.924194,Kerela,"Sree Chitra Tirunal Institute for Medical Sciences & Technology, Thiruvananthapuram",695011,0,0
"No.1 Ramachandra Nagar Porur, 600116 Chennai, Tamil Nadu, India",Chennai,13.023108,80.111176,Tamil Nadu,"SRI RAMACHANDRA LABORATORY SERVICES, Chennai",600116,0,0
"Alipiri Rd, Sri Padmavati Mahila Visvavidyalayam, Tirupati, 517507 Tirupati, Andhra Pradesh, India",Tirupati,13.640438,79.40374,Andhra Pradesh,"Sri Venkateswara Institute of Medical Sciences, Tirupati",517507,0,0
"Prime Square building, Gaiwadi Industrial, estate,, 400062 Mumbai, Maharashtra, India",Mumbai,19.171404000000003,72.843422,Maharashtra,"SRL Diagnostics, Goregaon West",400062,0,0
"GP 26 Sector 18,, 122015  gurgaon, Haryana, India", gurgaon,28.489103000000004,77.059502,Haryana,SRL Limited,122015,0,0
"No. 1, Old Jail Rd, Old Washermanpet, 600001 Chennai, Tamil Nadu, India",Chennai,13.106272,80.286674,Tamil Nadu,"Stanley Medical College, Chennai",600001,0,0
"Red Cross Road, Near, General Hospital Rd, Rishimangalam, Pattoor, , 695024 Thiruvananthapuram, , Kerala , India","Thiruvananthapuram, ",8.498161,76.939453,Kerala ,"State Public Health Laboratory, Trivandrum",695024,0,0
" A-17, Info Technology Park, Sector 34,, 122001 Gurugram, Haryana, India",Gurugram,28.426413,77.019768,Haryana,"Strand Life Sciences, Gurugram",122001,0,0
"2nd Floor Aston, Shastri Nagar, 400053  Andheri (W), Mumbai, Maharashtra, India"," Andheri (W), Mumbai",19.137468,72.823578,Maharashtra,SUBURBAN DIAGNOSTICS (INDIA) PVT. LTD,400053,0,0
"Kedar Builiding, Opp. Krupa petrol Pump, 380006 Ahmedabad, Gujarat, India",Ahmedabad,23.019835,72.557091,Gujarat,"Supratech Micropath Laboratory & Research Institute Pvt. Ltd., Ahmedabad",380006,0,0
"Dr Ernest Borges Road, Parel, 400012 Mumbai, Maharashtra, India",Mumbai,19.004614,72.84303299999999,Maharashtra,"Tata Memorial Centre Diagnostic Services, Tata Memorial Hospital, Mumbai",400012,0,0
"9th Floor, 1-1-156 & 157, Alexander Road, S. P. Road, 500003 Secunderabad, Telangana, ",Secunderabad,17.442057000000002,78.497147,Telangana,"The Department of Laboratory Medicine, Yashoda Hospital",500003,0,0
"D-37/1 MIDC Turbhe, 400703 Navi Mumbai, Maharashtra, India",Navi Mumbai,19.067995,73.00389100000001,Maharashtra,Thyrocare Technologies Limited,400703,0,0
"Old Assembly Complex, 791110 Naharlagun, Arunachal Pradesh , India",Naharlagun,27.103871999999996,93.691101,Arunachal Pradesh ,"Tomo Riba Institute Health and Medical Sciences (TRIHMS), Naharlagun",791110,0,0
"102, 1st Floor, Sanoma Plaza, Sheth Mangald Road, 380006 Ahmedabad, Gujarat, India",Ahmedabad,22.113466,71.736961,Gujarat,"Unipath Speciality Laboratory Limited, Ahmedabad",380006,0,0
"Off, Kurawali - Mainpuri - Etawah Rd,  206130 Saifai, Uttar Pradesh, India",Saifai,26.960838,78.95839699999999,Uttar Pradesh,"Uttar Pradesh University of Medical Sciences, Saifai, Etawah", 206130,0,0
"Opp. District Court, 413003 Solapur, Maharashtra, India",Solapur,17.665312,75.909637,Maharashtra,"V. M. Govt. Medical College, Solapur.",413003,0,0
"3-6-16 & 17, Street No.19, 500029 Hyderabad, Telangana, India",Hyderabad,17.404165,78.477684,Telangana,"Vijaya Diagnostic Centre Pvt. Ltd, Hyderabad",500029,0,0
" Plot No. 142, Phase 2, IDA Cherlapally, 500051 Hyderabad, Telangana, India",Hyderabad,17.470873,78.600082,Telangana,"Vimta Labs Ltd., Hyderabad,",500051,0,0
"SH 49A, Pallipattu, Tharamani, 600113 Chennai, Tamil Nadu, India",Chennai,13.002532,80.246841,Tamil Nadu,"Y. R. Gaitonde Centre for AIDS Research and Education (YRG Care), Chennai",600113,0,0
