"items_address","items_catid","items_city","items_country","items_cutDescription","items_date","items_description","items_id","items_lat","items_lng","items_multimedia","items_readmore","items_state","items_street","items_title","items_zip"
"AIIMS Campus Rd, AIIMS Campus, Saket Nagar, Habib Ganj, 462026 Bhopal, Madhya Pradesh , India","15","Bhopal","India","All India Institute of Medical Sciences (AIIMS), AIIMS Campus Rd, Saket Nagar, Habib Ganj, Bhopal,...","2020-03-23 03:54:04","All India Institute of Medical Sciences (AIIMS), AIIMS Campus Rd, Saket Nagar, Habib Ganj, Bhopal, Madhya Pradesh 462026","66","23.207355","77.457809","","/index.php/testing-facilities/15-government-laboratories/66-all-india-institute-of-medical-sciences-aiims-bhopal","Madhya Pradesh ","AIIMS Campus Rd, AIIMS Campus, Saket Nagar, Habib Ganj"," All India Institute of Medical Sciences (AIIMS), Bhopal","462026"
"9th Floor, ASHA Building, IDA Scudder Road, 632004 Vellore, Tamil Nadu, India","16","Vellore","India","Department of Clinical Virology, Christian Medical College, 9th Floor, ASHA Building, IDA Scudder...","2020-03-23 08:07:39","Department of Clinical Virology, Christian Medical College, 9th Floor, ASHA Building, IDA Scudder Road, Christian Medical College, Vellore, Tamil Nadu, India Pin 632004","117","12.924607","79.132622","","/index.php/testing-facilities/16-private-laboratories/117-christian-medical-college-vellore","Tamil Nadu","9th Floor, ASHA Building, IDA Scudder Road"," Christian Medical College, Vellore","632004"
" Type III, President's Estate, 110001 New Delhi, Delhi, India","15","New Delhi","India"," Ram Manohar Lohia Hospital, Type III, President's Estate, New Delhi, Delhi 110001","2020-03-23 09:07:28"," Ram Manohar Lohia Hospital, Type III, President's Estate, New Delhi, Delhi 110001","122","28.625759","77.198448","","/index.php/testing-facilities/15-government-laboratories/122-ram-manohar-lohia-hospital-new-delhi","Delhi"," Type III, President's Estate"," Ram Manohar Lohia Hospital, New Delhi","110001"
" 3, High Ground Rd, Palayamkottai, 627011 Tirunelveli, Tamil Nadu, India","15","Tirunelveli","India","Tirunelveli Medical College, 3, High Ground Rd, Palayamkottai, Tirunelveli, Tamil Nadu 627011","2020-03-23 05:49:35","Tirunelveli Medical College, 3, High Ground Rd, Palayamkottai, Tirunelveli, Tamil Nadu 627011","93","8.711757","77.748627","","/index.php/testing-facilities/15-government-laboratories/93-tirunelveli-medical-college-tirunelveli","Tamil Nadu"," 3, High Ground Rd, Palayamkottai"," Tirunelveli Medical College, Tirunelveli","627011"
" CTS No 809, F.P. 147, Nayantara Building, 411004 Pune, Maharashtra, India","16","Pune","India","A.G Diagnostics Pvt Ltd, CTS No 809, F.P. 147, Nayantara Building, Bhandarkar Road, Pune,...","2020-03-24 08:26:48","A.G Diagnostics Pvt Ltd, CTS No 809, F.P. 147, Nayantara Building, Bhandarkar Road, Pune, Maharashtra 411004","153","18.51881","73.82872","","/index.php/testing-facilities/16-private-laboratories/153-a-g-diagnostics-pvt-ltd-pune","Maharashtra"," CTS No 809, F.P. 147, Nayantara Building","A.G Diagnostics Pvt Ltd,  Pune","411004"
"Great Eastern Rd, AIIMS Campus, Tatibandh, 492099 Raipur, Chhattisgarh , India","15","Raipur","India","All India Institute of Medical Science (AIIMS), Great Eastern Rd, AIIMS Campus, Tatibandh, Raipur,...","2020-03-22 20:26:47","All India Institute of Medical Science (AIIMS), Great Eastern Rd, AIIMS Campus, Tatibandh, Raipur, Chhattisgarh 492099","31","21.2568","81.579193","","/index.php/testing-facilities/15-government-laboratories/31-all-india-institute-of-medical-science-aiims-raipur","Chhattisgarh ","Great Eastern Rd, AIIMS Campus, Tatibandh","All India Institute of Medical Science (AIIMS), Raipur","492099"
"near Aiims hospital, Sijua, Patrapada, , 751019 Bhubaneswar, , Odisha , India","15","Bhubaneswar, ","India","All India Institute of Medical Sciences (AIIMS), Near AIIMS hospital, Sijua, Patrapada,...","2020-03-24 14:29:06","All India Institute of Medical Sciences (AIIMS), Near AIIMS hospital, Sijua, Patrapada, Bhubaneswar, Odisha 751019","162","20.231129","85.775108","","/index.php/testing-facilities/15-government-laboratories/162-all-india-institute-of-medical-sciences-aiims-bhubaneswar","Odisha ","near Aiims hospital, Sijua, Patrapada, ","All India Institute of Medical Sciences (AIIMS), Bhubaneswar","751019"
"Basni Industrial Area, MIA 2nd Phase, Basni, , 342005 Jodhpur, Rajasthan, India","15","Jodhpur","India","All India Institute of Medical Sciences (AIIMS), Basni Industrial Area, MIA 2nd Phase, Basni,...","2020-03-23 07:12:01","All India Institute of Medical Sciences (AIIMS), Basni Industrial Area, MIA 2nd Phase, Basni, Jodhpur, Rajasthan 342005","107","26.240667","73.004997","","/index.php/testing-facilities/15-government-laboratories/107-all-india-institute-of-medical-sciences-aiims-jodhpur","Rajasthan","Basni Industrial Area, MIA 2nd Phase, Basni, ","All India Institute of Medical Sciences (AIIMS), Jodhpur","342005"
"Sri Aurobindo Marg, Ansari Nagar, Ansari Nagar East, , 110029 New Delhi,, Delhi , India","15","New Delhi,","India","All India Institute of Medical Sciences (AIIMS), Sri Aurobindo Marg, Ansari Nagar East, New Delhi,...","2020-03-22 20:32:23","All India Institute of Medical Sciences (AIIMS), Sri Aurobindo Marg, Ansari Nagar East, New Delhi, Delhi 110029","32","28.567045","77.209892","","/index.php/testing-facilities/15-government-laboratories/32-all-india-institute-of-medical-sciences-aiims-new-delhi","Delhi ","Sri Aurobindo Marg, Ansari Nagar, Ansari Nagar East, ","All India Institute of Medical Sciences (AIIMS), New Delhi","110029"
"Virbhadra Road Shivaji Nagar, near Barrage, Sturida Colony , 249203 Rishikesh,  Uttarakhand, India","15","Rishikesh","India","All India Institute of Medical Sciences (AIIMS), Virbhadra Road Shivaji Nagar, near Barrage,...","2020-03-22 20:34:36","All India Institute of Medical Sciences (AIIMS), Virbhadra Road Shivaji Nagar, near Barrage, Sturida Colony, Rishikesh, Uttarakhand 249203","34","30.078964","78.283882","","/index.php/testing-facilities/15-government-laboratories/34-all-india-institute-of-medical-sciences-aiims-rishikesh"," Uttarakhand","Virbhadra Road Shivaji Nagar, near Barrage, Sturida Colony ","All India Institute of Medical Sciences (AIIMS), Rishikesh","249203"
"Kanchi Gachibowli Rd, Nallagandla, Serilingampally, 500019 Hyderabad, Telangana , India","16","Hyderabad","India","AMERICAN Institute of Pathology and Laboratory Sciences Private Limited, Door No. 1-100/CCH,...","2020-03-27 08:01:22","AMERICAN Institute of Pathology and Laboratory Sciences Private Limited, Door No. 1-100/CCH, Second Floor, At Citizens Hospital, Nallagandla, Serilingampally, Hyderabad, Telangana","184","17.4706","78.311401","","/index.php/testing-facilities/16-private-laboratories/184-american-institute-of-pathology-and-laboratory-sciences-private-limited-hyderabad","Telangana ","Kanchi Gachibowli Rd, Nallagandla, Serilingampally","AMERICAN Institute of Pathology and Laboratory Sciences Private Limited, Hyderabad","500019"
"58, Canal Circular Road, 700054 Kolkata, West Bengal, India","16","Kolkata","India","Apollo Gleneagles Hospitals, 58, Canal Circular Road, Kolkata, West Bengal 700054","2020-03-25 06:50:29","Apollo Gleneagles Hospitals, 58, Canal Circular Road, Kolkata, West Bengal 700054","167","22.574793","88.384064","","/index.php/testing-facilities/16-private-laboratories/167-apollo-gleneagles-hospitals-kolkata","West Bengal","58, Canal Circular Road","Apollo Gleneagles Hospitals, Kolkata","700054"
"NOS, 140/A, 140/B, 140/C, 141/A, 141/B, 141/C, Thokatta Village, 500011 Secunderabad, Telangana, India","16","Secunderabad","India","Apollo Health and Lifestyle Limited-Secunderabad, Diagnostics Laboratory, NOS, 140/A, 140/B,...","2020-03-25 07:01:04","Apollo Health and Lifestyle Limited-Secunderabad, Diagnostics Laboratory, NOS, 140/A, 140/B, 140/C, 141/A, 141/B, 141/C, Thokatta Village, Bowenpally, Secunderabad, Telangana, Hyderabad-500011","169","17.469124","78.48214","","/index.php/testing-facilities/16-private-laboratories/169-apollo-health-and-lifestyle-limited-secunderabad-diagnostics-laboratory-hyderabad","Telangana","NOS, 140/A, 140/B, 140/C, 141/A, 141/B, 141/C, Thokatta Village","Apollo Health and Lifestyle Limited-Secunderabad, Diagnostics Laboratory, Hyderabad","500011"
" 21 Greams Lane, Off Greams Road,, 600006 Chennai, Tamil Nadu, India","16","Chennai","India","Department of Laboratory Services, Apollo Hospitals Enterprise Limited, 21 Greams Lane, Off Greams...","2020-03-23 08:10:50","Department of Laboratory Services, Apollo Hospitals Enterprise Limited, 21 Greams Lane, Off Greams Road, Chennai Tamil Nadu Pin 600006","118","13.046235","80.150368","","/index.php/testing-facilities/16-private-laboratories/118-apollo-hospitals-enterprise-limited-chennai","Tamil Nadu"," 21 Greams Lane, Off Greams Road,","Apollo Hospitals Enterprise Limited, Chennai","600006"
" Southern Command, Solapur Road, Wanowrie, near Race Course, 411040 Pune, Maharashtra, India","15","Pune","India","Armed Forces Medical College, Southern Command, Solapur Road, Wanowrie, near Race Course, Pune,...","2020-03-23 10:32:47","Armed Forces Medical College, Southern Command, Solapur Road, Wanowrie, near Race Course, Pune, Maharashtra 411040","135","18.504044","73.887901","","/index.php/testing-facilities/15-government-laboratories/135-armed-forces-medical-college-pune","Maharashtra"," Southern Command, Solapur Road, Wanowrie, near Race Course","Armed Forces Medical College, Pune","411040"
"Subroto Park,, 110010 New Delhi, Delhi, India","15","New Delhi","India","Army Hospital Research & Referral, Military Hospital Road, Near Subroto Park, Dhaula Kuan, New...","2020-03-23 09:16:40","Army Hospital Research & Referral, Military Hospital Road, Near Subroto Park, Dhaula Kuan, New Delhi, Delhi 110010","125","28.583654","77.155678","","/index.php/testing-facilities/15-government-laboratories/125-army-hospital-research-referral-new-delhi","Delhi","Subroto Park,","Army Hospital Research & Referral, New Delhi","110010"
"Fort, Krishna Rajendra Rd, , 560002 Bengaluru, , Karnataka , India","15","Bengaluru, ","India","Bangalore Medical College & Research Institute, Krishna Rajendra Rd, Bengaluru, Karnataka 560002","2020-03-22 22:17:15","Bangalore Medical College & Research Institute, Krishna Rajendra Rd, Bengaluru, Karnataka 560002","56","12.959349","77.574692","","/index.php/testing-facilities/15-government-laboratories/56-bangalore-medical-college-research-institute-bangaluru","Karnataka ","Fort, Krishna Rajendra Rd, ","Bangalore Medical College & Research Institute, Bangaluru","560002"
"B j medical college, 380016 Asarwa, Gujarat , India","15","Asarwa","India","BJ Medical College, Asarwa,, Civil Hospital Campus, Ahmedabad, Gujarat 380016","2020-03-22 20:47:41","BJ Medical College, Asarwa,, Civil Hospital Campus, Ahmedabad, Gujarat 380016","40","23.052471","72.602859","","/index.php/testing-facilities/15-government-laboratories/40-bj-medical-college-ahmedabad","Gujarat ","B j medical college","BJ Medical College, Ahmedabad ","380016"
"Jai Prakash Narayan Road, Railway Station Rd, 411001 Pune, Maharashtra, India","15","Pune","India","BJ Medical College, Jai Prakash Narayan Road, Railway Station Rd, near Pune, Maharashtra 411001","2020-03-23 10:35:51","BJ Medical College, Jai Prakash Narayan Road, Railway Station Rd, near Pune, Maharashtra 411001","136","18.526237","73.868935","","/index.php/testing-facilities/15-government-laboratories/136-bj-medical-college-pune","Maharashtra","Jai Prakash Narayan Road, Railway Station Rd","BJ Medical College, Pune","411001"
"Ganaur - Gohana Rd, 131305 Khanpur Kalan, Haryana , India","15","Khanpur Kalan","India","BPS Government Medical College for Women, Ganaur - Gohana Rd, Khanpur Kalan, Haryana 131305","2020-03-22 21:29:23","BPS Government Medical College for Women, Ganaur - Gohana Rd, Khanpur Kalan, Haryana 131305","48","29.151688","76.808228","","/index.php/testing-facilities/15-government-laboratories/48-bps-government-medical-college-for-women-sonipat","Haryana ","Ganaur - Gohana Rd","BPS Government Medical College for Women, Sonipat","131305"
", 560018 Bengaluru, Karnataka, India","16","Bengaluru","India","Cancyte Technologies Private Limited, Bengaluru, Karnataka 560018","2020-03-24 08:36:59","Cancyte Technologies Private Limited, Bengaluru, Karnataka 560018","154","12.957604","77.564575","","/index.php/testing-facilities/16-private-laboratories/154-cancyte-technologies-private-limited-bengaluru","Karnataka","","Cancyte Technologies Private Limited, Bengaluru","560018"
"Tejaswini Hills, Periye (PO), 671316 Kasaragod, Kerala, India","15","Kasaragod","India","Central University of Kerala, Tejaswini Hills, Periye (PO), Kasaragod (DT), Kerala - 671316","2020-03-30 11:54:55","Central University of Kerala, Tejaswini Hills, Periye (PO), Kasaragod (DT), Kerala - 671316","210","12.393007","75.091675","","/index.php/testing-facilities/15-government-laboratories/210-central-university-of-kerala-kasaragod","Kerala","Tejaswini Hills, Periye (PO)","Central University of Kerala, Kasaragod","671316"
"Molecular Laboratory, Third Floor,City Imaging Building, 4B/18, Tilak Nagar, 110018 New Delhi, Delhi, India","16","New Delhi","India","City X Ray & Scan Clinic Pvt. Ltd., Molecular Laboratory, Third Floor,City Imaging Building,...","2020-03-27 11:16:22","City X Ray & Scan Clinic Pvt. Ltd., Molecular Laboratory, Third Floor,City Imaging Building, 4B/18, Tilak Nagar, Near haldiram, New Delhi 110018","189","28.639034","77.101349","","/index.php/testing-facilities/16-private-laboratories/189-city-x-ray-scan-clinic-pvt-ltd-new-delhi","Delhi","Molecular Laboratory, Third Floor,City Imaging Building, 4B/18, Tilak Nagar","City x-Ray & Scan Clinic Pvt. Ltd., New Delhi ","110018"
"1 A, SF No 498, Avinashi Rd, 641018 Peelamedu, Tamil Nadu, India","15","Peelamedu","India","Coimbatore Medical College, 1 A, SF No 498, Avinashi Rd, Peelamedu, Civil Aerodrome Post,...","2020-03-23 05:51:47","Coimbatore Medical College, 1 A, SF No 498, Avinashi Rd, Peelamedu, Civil Aerodrome Post, Coimbatore, Tamil Nadu 641018","94","11.028704","77.021706","","/index.php/testing-facilities/15-government-laboratories/94-coimbatore-medical-college-coimbatore","Tamil Nadu","1 A, SF No 498, Avinashi Rd","Coimbatore Medical College, Coimbatore","641018"
"Cambridge Rd, Cambridge Layout, 560007 Bengaluru, Karnataka, India","15","Bengaluru","India","Command Hospital (Air Force) , Cambridge Rd, Cambridge Layout, Jogupalya, Bengaluru, Karnataka...","2020-03-23 09:30:37","Command Hospital (Air Force) , Cambridge Rd, Cambridge Layout, Jogupalya, Bengaluru, Karnataka 560007","128","12.964655","77.625938","","/index.php/testing-facilities/15-government-laboratories/128-command-hospital-air-force-bengaluru","Karnataka","Cambridge Rd, Cambridge Layout","Command Hospital (Air Force), Bengaluru","560007"
"Lucknow, 226002 Lucknow, Uttar Pradesh, India","15","Lucknow","India","Command Hospital, Lucknow, Uttar Pradesh 226002","2020-03-23 11:25:29","Command Hospital, Lucknow, Uttar Pradesh 226002","140","26.817455","80.938622","","/index.php/testing-facilities/15-government-laboratories/140-command-hospital-lucknow","Uttar Pradesh","Lucknow","Command Hospital, Lucknow","226002"
"406, Udyog Vihar III, Sector 20, 122016 Gurugram, Haryana, India","16","Gurugram","India","CORE Diagnostics Pvt Ltd, 406, Udyog Vihar III, Sector 20, Gurugram, Haryana 122016","2020-03-27 05:37:22","CORE Diagnostics Pvt Ltd, 406, Udyog Vihar III, Sector 20, Gurugram, Haryana 122016","177","28.509289","77.089455","","/index.php/testing-facilities/16-private-laboratories/177-core-diagnostics-pvt-ltd-gurugram","Haryana","406, Udyog Vihar III, Sector 20","CORE Diagnostics Pvt Ltd, Gurugram","122016"
"DMCH Rd, Allalpatti, Laheriasarai, 846003 Darbhanga, Bihar, India","15","Darbhanga","India","Darbhanga Medical College, DMCH Rd, Allalpatti, Laheriasarai, Darbhanga, Bihar 846003","2020-03-22 19:44:42","Darbhanga Medical College, DMCH Rd, Allalpatti, Laheriasarai, Darbhanga, Bihar 846003","18","26.133432","85.899246","","/index.php/testing-facilities/15-government-laboratories/18-darbhanga-medical-college-darbhanga","Bihar","DMCH Rd, Allalpatti, Laheriasarai","Darbhanga Medical College, Darbhanga","846003"
"DDRC SRL TOWER,G-131, Panampilly Nagar, 682036 Ernakulam, Kerala , India","16","Ernakulam","India","DDRC SRL Diagnostics Pvt Ltd, TOWER,G-131, Panampilly Nagar, Ernakulam, Kerala 682036","2020-03-27 05:48:12","DDRC SRL Diagnostics Pvt Ltd, TOWER,G-131, Panampilly Nagar, Ernakulam, Kerala 682036","178","9.963544","76.295296","","/index.php/testing-facilities/16-private-laboratories/178-ddrc-srl-diagnostics-pvt-ltd-ernakulam","Kerala ","DDRC SRL TOWER,G-131, Panampilly Nagar","DDRC SRL Diagnostics Pvt Ltd, Ernakulam","682036"
"Jhansi Road, 474002 Gwalior, Madhya Pradesh, India","18","Gwalior","India","Defence Research & Development Organisation, Jhansi Road, Gwalior-474002, Madhya Pradesh","2020-03-30 06:03:47","Defence Research & Development Organisation, Jhansi Road, Gwalior-474002, Madhya Pradesh","198","26.221937","78.177666","","/index.php/testing-facilities/18-government-laboratories-not-supported-by-icmr/198-defence-research-development-establishment-drde-gwalior","Madhya Pradesh","Jhansi Road","Defence Research & Development Establishment (DRDE), Gwalior","474002"
"14, MAR(E-W), DH Block(Newtown), Action Area I, Newtown, 700160 Kolkata, West Bengal, India","16","Kolkata","India","Department of Laboratory Sciences, Tata Medical Center, 14, MAR(E-W), DH Block(Newtown), Action...","2020-03-27 08:08:39","Department of Laboratory Sciences, Tata Medical Center, 14, MAR(E-W), DH Block(Newtown), Action Area I, Newtown, Kolkata, West Bengal 700160","185","22.577131","88.479652","","/index.php/testing-facilities/16-private-laboratories/185-department-of-laboratory-sciences-tata-medical-center-kolkata","West Bengal","14, MAR(E-W), DH Block(Newtown), Action Area I, Newtown","Department of Laboratory Sciences, Tata Medical Center, Kolkata","700160"
"plot no 251, Sainik School Rd, Unit 15, Gajapati Nagar, 751005 Bhubaneswar, Odisha , India","16","Bhubaneswar","India","Department of Laboratory Services Apollo Hospitals, Plot no 251, Sainik School Rd, Unit 15,...","2020-03-26 07:46:31","Department of Laboratory Services Apollo Hospitals, Plot no 251, Sainik School Rd, Unit 15, Gajapati Nagar, Bhubaneswar, Odisha 751005","170","20.30575","85.831734","","/index.php/testing-facilities/16-private-laboratories/170-department-of-laboratory-services-apollo-hospitals-bhubaneswar","Odisha ","plot no 251, Sainik School Rd, Unit 15, Gajapati Nagar","Department of Laboratory Services Apollo Hospitals, Bhubaneswar","751005"
"B7 Rd, Block E, Sector 18, 110085 Rohini, New Delhi, Delhi, India","16","Rohini, New Delhi","India","<span class=""LrzXr"">National Reference laboratory, B7 Rd, Block E, Sector 18, Rohini, New Delhi, Delhi 110085</span>","2020-03-23 07:31:13","<span class=""LrzXr"">National Reference laboratory, B7 Rd, Block E, Sector 18, Rohini, New Delhi, Delhi 110085</span>","109","28.738857","77.134216","","/index.php/testing-facilities/16-private-laboratories/109-dr-lal-pathlabs-national-reference-laboratory","Delhi","B7 Rd, Block E, Sector 18","Dr Lal PathLabs, National Reference laboratory","110085"
"7-B Astley Hall, 248001 Dehradun, Uttarakhand, India","16","Dehradun","India","7-B Astley Hall, Ugrasain Rd, Dehradun, Uttarakhand 248001","2020-03-31 07:56:58","7-B Astley Hall, Ugrasain Rd, Dehradun, Uttarakhand 248001","215","30.326824","78.047012","","/index.php/testing-facilities/16-private-laboratories/215-dr-ahuja-s-pathlogy-and-imaging-centre-department-of-laboratory-medicine-dehradun","Uttarakhand","7-B Astley Hall","Dr. Ahuja’s Pathlogy and Imaging Centre-Department of Laboratory Medicine, Dehradun","248001"
"C2/1 SDA AURBINDO MARG, 110016 New Delhi, Delhi, India","16","New Delhi","India","Dr. Dang’s Lab, C2/1 SDA AURBINDO MARG, NEW DELHI 110016","2020-03-23 12:30:56","Dr. Dang’s Lab, C2/1 SDA AURBINDO MARG, NEW DELHI 110016","145","28.550137","77.201256","","/index.php/testing-facilities/16-private-laboratories/145-dr-dang-s-lab-new-delhi","Delhi","C2/1 SDA AURBINDO MARG","Dr. Dang’s Lab, New Delhi","110016"
"Titus Plaza, 1st Floor, Sharma Commercial Complex, 500082 Hyderabad, Telangana, India","16","Hyderabad","India","Titus Plaza, 1st Floor, Sharma Commercial Complex, Hyderabad, Telangana 500082","2020-03-26 07:51:06","Titus Plaza, 1st Floor, Sharma Commercial Complex, Hyderabad, Telangana 500082","171","17.424494","78.450851","","/index.php/testing-facilities/16-private-laboratories/171-dr-remedies-labs-private-limited-hyderabad","Telangana","Titus Plaza, 1st Floor, Sharma Commercial Complex","DR. REMEDIES LABS PRIVATE LIMITED, Hyderabad","500082"
"Residency Road, Near Sriram Excellency Hotel, Sector-D, Shastri Nagar, opposite Petrol Pump, 342003 Jodhpur, Rajasthan , India","15","Jodhpur","India","<p>Dr. S.N. Medical College,<br />Jodhpur</p><p>Residency Road, Near Sriram Excellency Hotel, Sector-D, Shastri</p>...","2020-03-23 07:03:15","<p>Dr. S.N. Medical College,<br />Jodhpur</p><p>Residency Road, Near Sriram Excellency Hotel, Sector-D, Shastri Nagar, opposite Petrol Pump, Jodhpur, Rajasthan 342003</p>","99","26.269421","73.005219","","/index.php/testing-facilities/15-government-laboratories/99-dr-sampurnanand-medical-college-jodhpur","Rajasthan ","Residency Road, Near Sriram Excellency Hotel, Sector-D, Shastri Nagar, opposite Petrol Pump","Dr. Sampurnanand Medical College, Jodhpur","342003"
"Barpeta-Hospital-Jania Rd, Joti Gaon, 781301 Barpeta, Assam, India","15","Barpeta","India","Barpeta-Hospital-Jania Rd, Joti Gaon, Assam 781301","2020-03-22 19:19:38","Barpeta-Hospital-Jania Rd, Joti Gaon, Assam 781301","16","26.324448","90.984985","","/index.php/testing-facilities/15-government-laboratories/16-fakhruddin-medical-college-barpeta","Assam","Barpeta-Hospital-Jania Rd, Joti Gaon","Fakhruddin Medical College, Barpeta","781301"
" Sultania Rd, near Hamidia Hospital, Royal Market, 462001 Bhopal, Madhya Pradesh, India","15","Bhopal","India","Gandhi Medical College, Sultania Rd, near Hamidia Hospital, Royal Market, Bhopal, Madhya Pradesh...","2020-03-23 10:51:18","Gandhi Medical College, Sultania Rd, near Hamidia Hospital, Royal Market, Bhopal, Madhya Pradesh 462001","137","23.25993","77.388763","","/index.php/testing-facilities/15-government-laboratories/137-gandhi-medical-college-bhopal","Madhya Pradesh"," Sultania Rd, near Hamidia Hospital, Royal Market","Gandhi Medical College, Bhopal","462001"
" Musheerabad, Padmarao Nagar, 500003 Secunderabad, Telangana, India","15","Secunderabad","India","Gandhi Medical College, <span class=""section-info-text""><span class=""widget-pane-link""> Musheerabad, Padmarao Nagar, Secunderabad, Telangana 500003</span></span>","2020-03-23 07:13:44","Gandhi Medical College, <span class=""section-info-text""><span class=""widget-pane-link""> Musheerabad, Padmarao Nagar, Secunderabad, Telangana 500003</span></span>","108","17.424665","78.502197","","/index.php/testing-facilities/15-government-laboratories/108-gandhi-medical-college-secunderabad","Telangana"," Musheerabad, Padmarao Nagar","Gandhi Medical College, Secunderabad","500003"
"Narakasur Hilltop, Bhangagarh, 781032 Guwahati, Assam , India","15","Guwahati","India","Guwahati Narakasur Hilltop, Bhangagarh, Guwahati, Assam 781032","2020-03-22 18:24:48","Guwahati Narakasur Hilltop, Bhangagarh, Guwahati, Assam 781032","12","26.15424","91.770081","","/index.php/testing-facilities/15-government-laboratories/12-gauhati-medical-college-guwahati","Assam ","Narakasur Hilltop, Bhangagarh","Gauhati Medical College, Guwahati ","781032"
"Bambolim, 403202 Tiswadi, Goa, India","15","Tiswadi","India","Bambolim, Tiswadi Goa India 403202","2020-03-29 08:27:55","Bambolim, Tiswadi Goa India 403202","194","15.464311","73.858414","","/index.php/testing-facilities/15-government-laboratories/194-goa-medical-college-and-hospital-bambolim","Goa","Bambolim","Goa Medical College and Hospital, Bambolim","403202"
"Periyamilaguparai, Colletor's office Road, 620001 Trichy, Tamil Nadu, India","15","Trichy","India","K.A.P.Viswanatham Government Medical College, Periyamilaguparai, Colletor's office Road, Trichy,...","2020-03-27 08:24:59","K.A.P.Viswanatham Government Medical College, Periyamilaguparai, Colletor's office Road, Trichy, Tamil Nadu 620001","187","10.798005","78.676613","","/index.php/testing-facilities/15-government-laboratories/187-government-medical-college","Tamil Nadu","Periyamilaguparai, Colletor's office Road","Government Medical College","620001"
"Chandi Path, Sector 32B, 32B, Sector 32, 160047 Chandigarh, Chandigarh, India","15","Chandigarh","India","Chandi Path, Sector 32B, 32B, Sector 32, Chandigarh, 160047","2020-03-22 20:12:32","Chandi Path, Sector 32B, 32B, Sector 32, Chandigarh, 160047","28","30.708832","76.778297","","/index.php/testing-facilities/15-government-laboratories/28-government-medical-college-hospital-chandigarh","Chandigarh","Chandi Path, Sector 32B, 32B, Sector 32","Government Medical College & Hospital, Chandigarh","160047"
"Pandharpur Rd, Maji Sainik Vasahat,  , 416410 Miraj, , Maharashtra, India","15","Miraj, ","India","Pandharpur Rd, Maji Sainik Vasahat, Miraj, Maharashtra 416410","2020-03-23 05:07:48","Pandharpur Rd, Maji Sainik Vasahat, Miraj, Maharashtra 416410","73","16.837025","74.64521","","/index.php/testing-facilities/15-government-laboratories/73-government-medical-college-and-hospital-miraj","Maharashtra","Pandharpur Rd, Maji Sainik Vasahat,  ","Government Medical College And Hospital, Miraj","416410"
"79 Tilla, 799006 Agartala, Tripura, India","15","Agartala","India","79 Tilla, Agartala, Tripura 799006","2020-03-23 05:11:38","79 Tilla, Agartala, Tripura 799006","75","23.83131","91.261597","","/index.php/testing-facilities/15-government-laboratories/75-government-medical-college-agartala","Tripura","79 Tilla","Government Medical College, Agartala","799006"
"Rahamat Nagar, 515001 Anantapur, Andhra Pradesh , India","15","Anantapur","India","Government Medical College, Anantapur, Rahamat Nagar, Anantapur, Andhra Pradesh 515001","2020-03-22 13:35:00","Government Medical College, Anantapur, Rahamat Nagar, Anantapur, Andhra Pradesh 515001","6","14.6712","77.592903","","/index.php/testing-facilities/15-government-laboratories/6-government-medical-college-anantapur","Andhra Pradesh ","Rahamat Nagar","Government Medical College, Anantapur","515001"
"Near State Road Transport Corporation Bus Stand, , 364001 Bhavnagar, Gujarat, India","15","Bhavnagar","India","Near State Road Transport Corporation Bus Stand, Bhavnagar, Gujarat 364001","2020-03-22 21:22:24","Near State Road Transport Corporation Bus Stand, Bhavnagar, Gujarat 364001","46","21.768614","72.137009","","/index.php/testing-facilities/15-government-laboratories/46-government-medical-college-bhavnagar-gujarat","Gujarat","Near State Road Transport Corporation Bus Stand, ","Government Medical College, Bhavnagar Gujarat","364001"
"Rampur Rd, Rampur, 263129 Haldwani, Uttarakhand , India","15","Haldwani","India","Rampur Rd, Rampur, Haldwani, Uttarakhand 263129","2020-03-22 20:32:49","Rampur Rd, Rampur, Haldwani, Uttarakhand 263129","33","29.206326","79.518745","","/index.php/testing-facilities/15-government-laboratories/33-government-medical-college-haldwani","Uttarakhand ","Rampur Rd, Rampur","Government Medical College, Haldwani","263129"
"17 Medical College Road Medical College Junction, , 673008 Near Police Station, Kozhikode,,  Kerala , India","15","Near Police Station, Kozhikode,","India","17 Medical College Road Medical College Junction, Near Police Station, Kozhikode, Kerala 673008","2020-03-22 22:43:21","17 Medical College Road Medical College Junction, Near Police Station, Kozhikode, Kerala 673008","62","11.27228","75.837196","","/index.php/testing-facilities/15-government-laboratories/62-government-medical-college-kozhikode"," Kerala ","17 Medical College Road Medical College Junction, ","Government Medical College, Kozhikode ","673008"
"Sangrur Rd, New Lal Bagh Colony,, 147001  Patiala,  Punjab, India","15"," Patiala","India","Sangrur Rd, New Lal Bagh Colony, Patiala, Punjab 147001","2020-03-23 05:41:56","Sangrur Rd, New Lal Bagh Colony, Patiala, Punjab 147001","90","30.328062","76.382942","","/index.php/testing-facilities/15-government-laboratories/90-government-medical-college-patiala"," Punjab","Sangrur Rd, New Lal Bagh Colony,","Government Medical College, Patiala","147001"
"Sadar Civil Hospital Campus, , 360001  Rajkot, Gujarat , India","15"," Rajkot","India","Pandit Dindayal Upadhyay Medical College, Sadar Civil Hospital Campus, Rajkot, Gujarat 360001","2020-03-22 21:19:14","Pandit Dindayal Upadhyay Medical College, Sadar Civil Hospital Campus, Rajkot, Gujarat 360001","45","22.305006","70.798424","","/index.php/testing-facilities/15-government-laboratories/45-government-medical-college-rajkot-gujarat","Gujarat ","Sadar Civil Hospital Campus, ","Government Medical College, Rajkot, Gujarat","360001"
"Opp Income Tax Department Office, Majura Gate, 395001 Surat, Gujarat , India","15","Surat","India","Opp Income Tax Department Office, Majura Gate, Surat, Gujarat 395001","2020-03-22 21:07:07","Opp Income Tax Department Office, Majura Gate, Surat, Gujarat 395001","43","21.178091","72.820244","","/index.php/testing-facilities/15-government-laboratories/43-government-medical-college-surat","Gujarat ","Opp Income Tax Department Office, Majura Gate","Government Medical College, Surat","395001"
" Collector Office Road, 610004 Thiruvarur, Tamil Nadu, India","15","Thiruvarur","India","Government Medical College, <span class=""section-info-text""><span class=""widget-pane-link"">Collector office Master Plan Complex, Collector Office Road,</span></span>...","2020-03-23 07:06:52","Government Medical College, <span class=""section-info-text""><span class=""widget-pane-link"">Collector office Master Plan Complex, Collector Office Road, Thiruvarur, Tamil Nadu 610004</span></span>","102","10.776112","79.602654","","/index.php/testing-facilities/15-government-laboratories/102-government-medical-college-thiruvarur","Tamil Nadu"," Collector Office Road","Government Medical College, Thiruvarur","610004"
"M. G. Kavu, , 680596 Thrissur, , Kerala , India","15","Thrissur, ","India","M. G. Kavu, Thrissur, Kerala 680596","2020-03-22 22:50:06","M. G. Kavu, Thrissur, Kerala 680596","64","10.614176","76.195602","","/index.php/testing-facilities/15-government-laboratories/64-government-medical-college-thrissur","Kerala ","M. G. Kavu, ","Government Medical College, Thrissur","680596"
"Ulloor - Akkulam Rd, near SAT hospital Medical College Junction, ,  695011  Chalakkuzhi, Thiruvananthapuram,,  Kerala, India","15"," Chalakkuzhi, Thiruvananthapuram,","India","Ulloor - Akkulam Rd, near SAT hospital Medical College Junction, Chalakkuzhi, Thiruvananthapuram,...","2020-03-22 22:46:55","Ulloor - Akkulam Rd, near SAT hospital Medical College Junction, Chalakkuzhi, Thiruvananthapuram, Kerala 695011","63","8.524302","76.924255","","/index.php/testing-facilities/15-government-laboratories/63-government-medical-college-trivandrum"," Kerala","Ulloor - Akkulam Rd, near SAT hospital Medical College Junction, ","Government Medical College, Trivandrum"," 695011"
"Vinoba Bhave Rd, Anandpura, 390001 Vadodara, Gujarat , India","15","Vadodara","India","Vinoba Bhave Rd, Anandpura, Vadodara, Gujarat 390001","2020-03-22 20:59:10","Vinoba Bhave Rd, Anandpura, Vadodara, Gujarat 390001","42","22.304007","73.191803","","/index.php/testing-facilities/15-government-laboratories/42-government-medical-college-vadodara","Gujarat ","Vinoba Bhave Rd, Anandpura","Government Medical College, Vadodara","390001"
"Govt. Theni Medical College, 625531 Theni, Tamil Nadu, India","15","Theni","India","Govt. Theni Medical College, k. villakku, Tamil Nadu 625531","2020-03-23 05:42:14","Govt. Theni Medical College, k. villakku, Tamil Nadu 625531","91","10.006198","77.551498","","/index.php/testing-facilities/15-government-laboratories/91-government-theni-medical-college-theni","Tamil Nadu","Govt. Theni Medical College","Government Theni  Medical College, Theni","625531"
"GST Road, 605601 Villupuram, Tamil Nadu, India","15","Villupuram","India","Government Villupuram Medical College, <span class=""section-info-text""><span class=""widget-pane-link"">Mundiyampakkam, Villupuram, Tamil Nadu 605601</span></span>","2020-03-23 07:04:46","Government Villupuram Medical College, <span class=""section-info-text""><span class=""widget-pane-link"">Mundiyampakkam, Villupuram, Tamil Nadu 605601</span></span>","100","11.994311","79.513016","","/index.php/testing-facilities/15-government-laboratories/100-government-villupuram-medical-college-villupuram","Tamil Nadu","GST Road","Government Villupuram Medical College, Villupuram","605601"
"University Road, Jubilee Park, 431004  Aurangabad, Maharashtra , India","15"," Aurangabad","India","University Road, Jubilee Park, Aurangabad, Maharashtra 431004","2020-03-23 05:19:15","University Road, Jubilee Park, Aurangabad, Maharashtra 431004","77","19.889299","75.318611","","/index.php/testing-facilities/15-government-laboratories/77-govt-medical-college-hospital-aurangabad","Maharashtra ","University Road, Jubilee Park","Govt Medical College & Hospital Aurangabad","431004"
"Rangbari Rd, Sector - A, 324010 Kota, Rajasthan, India","15","Kota","India","Govt. Medical College, Rangbari Rd, Sector - A, Rangbari, Kota, Rajasthan 324010","2020-03-23 12:16:06","Govt. Medical College, Rangbari Rd, Sector - A, Rangbari, Kota, Rajasthan 324010","141","25.123581","75.827454","","/index.php/testing-facilities/15-government-laboratories/141-govt-medical-college-kota","Rajasthan","Rangbari Rd, Sector - A","Govt. Medical College, Kota","324010"
"J J Marg, Nagpada-Mumbai Central, J J Marg, Nagpada-Mumbai Central, Noor Baug, Mazgaon, , 400008 Mumbai, , Maharashtra , India","15","Mumbai, ","India","J J Marg, Nagpada-Mumbai Central, J J Marg, Nagpada-Mumbai Central, Noor Baug, Mazgaon, Mumbai,...","2020-03-24 14:24:13","J J Marg, Nagpada-Mumbai Central, J J Marg, Nagpada-Mumbai Central, Noor Baug, Mazgaon, Mumbai, Maharashtra 400008","161","18.96352","72.833588","","/index.php/testing-facilities/15-government-laboratories/161-grant-medical-college-sir-jj-hospital-mumbai","Maharashtra ","J J Marg, Nagpada-Mumbai Central, J J Marg, Nagpada-Mumbai Central, Noor Baug, Mazgaon, ","Grant Medical College & Sir JJ Hospital, Mumbai","400008"
"Sedam Rd,Veeresh Nagar Cross, behind MRMC, , 585101 Gulbarga, , Karnataka , India","15","Gulbarga, ","India","Sedam Rd,Veeresh Nagar Cross, behind MRMC, Gulbarga, Karnataka 585101","2020-03-22 22:40:58","Sedam Rd,Veeresh Nagar Cross, behind MRMC, Gulbarga, Karnataka 585101","61","17.328522","76.839897","","/index.php/testing-facilities/15-government-laboratories/61-gulbarga-institute-of-medical-sciences-gulbarga","Karnataka ","Sedam Rd,Veeresh Nagar Cross, behind MRMC, ","Gulbarga Institute Of Medical Sciences, Gulbarga","585101"
"Acharya Donde Marg, Parel, 400012 Mumbai, Maharashtra, India","15","Mumbai","India","Acharya Donde Marg, Parel,  Mumbai  400012, Maharashtra ","2020-03-29 14:56:03","Acharya Donde Marg, Parel,  Mumbai  400012, Maharashtra ","195","19.002079","72.843765","","/index.php/testing-facilities/15-government-laboratories/195-haffkine-institute-mumbai","Maharashtra","Acharya Donde Marg, Parel","Haffkine Institute, Mumbai","400012"
"Shri panchamukhi medicals and clinic, opp. govt high school, , 573201 Hassan, , Karnataka , India","15","Hassan, ","India","Shri panchamukhi medicals and clinic, opp. govt high school, Hassan, Karnataka 573201","2020-03-22 22:31:43","Shri panchamukhi medicals and clinic, opp. govt high school, Hassan, Karnataka 573201","59","13.00489","76.102692","","/index.php/testing-facilities/15-government-laboratories/59-hassan-institute-of-medical-sciences-hassan","Karnataka ","Shri panchamukhi medicals and clinic, opp. govt high school, ","Hassan Institute of Medical Sciences, Hassan","573201"
"Baba Raghav Das (BRD) Medical College Campus, 273013 Gorakhpur, Uttar Pradesh, India","15","Gorakhpur","India","Baba Raghav Das (BRD) Medical College Campus, Gorakhpur, Uttar Pradesh PIN-273013","2020-03-25 05:05:00","Baba Raghav Das (BRD) Medical College Campus, Gorakhpur, Uttar Pradesh PIN-273013","165","26.812803","83.398865","","/index.php/testing-facilities/15-government-laboratories/165-icmr-regional-medical-research-centre-gorakhpur","Uttar Pradesh","Baba Raghav Das (BRD) Medical College Campus","ICMR- Regional Medical Research Centre, Gorakhpur","273013"
"Off Marol Military Road, 400072  Andheri East, Maharashtra, India","16"," Andheri East","India","1st Floor, krislon House, Off Marol Military Road, Andheri East, Mumbai Maharashtra 400072","2020-03-25 06:43:26","1st Floor, krislon House, Off Marol Military Road, Andheri East, Mumbai Maharashtra 400072","166","19.110266","72.884895","","/index.php/testing-facilities/16-private-laboratories/166-igenetic-diagnostics-pvt-ltd-mumbai","Maharashtra","Off Marol Military Road","iGenetic Diagnostics Pvt. Ltd., Mumbai","400072"
"Mayo Hospital, Central Ave, Mominpura, , 440018 Nagpur, Maharashtra , India","15","Nagpur","India","Mayo Hospital, Central Ave, Mominpura, Nagpur 440018","2020-03-23 05:05:57","Mayo Hospital, Central Ave, Mominpura, Nagpur 440018","72","21.153418","79.091782","","/index.php/testing-facilities/15-government-laboratories/72-indira-gandhi-government-medical-college-hospital","Maharashtra ","Mayo Hospital, Central Ave, Mominpura, ","Indira Gandhi Government Medical College & Hospital","440018"
"Allahabad bank, Bailey Rd, 800014 Sheikhpura, Patna, Bihar, India","15","Sheikhpura, Patna","India","Allahabad bank, Bailey Rd, Sheikhpura, Patna, Bihar 800014","2020-03-24 13:32:07","Allahabad bank, Bailey Rd, Sheikhpura, Patna, Bihar 800014","158","25.610615","85.088951","","/index.php/testing-facilities/15-government-laboratories/158-indira-gandhi-institute-of-medical-sciences-patna","Bihar","Allahabad bank, Bailey Rd","Indira Gandhi Institute of Medical Sciences, Patna","800014"
"Ridge Sanjauli Rd, Lakkar Bazar, , 171001 Shimla, , Himachal Pradesh , India","15","Shimla, ","India","Ridge Sanjauli Rd, Lakkar Bazar, Shimla, Himachal Pradesh 171001","2020-03-22 21:34:13","Ridge Sanjauli Rd, Lakkar Bazar, Shimla, Himachal Pradesh 171001","49","31.106512","77.182251","","/index.php/testing-facilities/15-government-laboratories/49-indira-gandhi-medical-college-shimla","Himachal Pradesh ","Ridge Sanjauli Rd, Lakkar Bazar, ","Indira Gandhi Medical College, Shimla","171001"
"Road Number 23, Wagle Industrial Estate, 400604 Thane, Maharashtra, India","16","Thane","India","InfeXn Laboratories Private Ltd, A/131, Therelek Compound, Road Number 23, Wagle Industrial...","2020-03-24 12:05:12","InfeXn Laboratories Private Ltd, A/131, Therelek Compound, Road Number 23, Wagle Industrial Estate, Thane West, Thane, Maharashtra 400604","157","19.195042","72.946365","","/index.php/testing-facilities/16-private-laboratories/157-infexn-laboratories-private-ltd-thane","Maharashtra","Road Number 23, Wagle Industrial Estate","InfeXn Laboratories Private Ltd, Thane","400604"
" D1 ILBS Road, Vasant Kunj,, 110070 New Delhi, Delhi, India","15","New Delhi","India","D1 ILBS Road, Vasant Kunj, New Delhi, Delhi 110070","2020-03-23 09:10:07","D1 ILBS Road, Vasant Kunj, New Delhi, Delhi 110070","123","28.506643","77.163948","","/index.php/testing-facilities/15-government-laboratories/123-institute-of-liver-and-biliary-sciences-new-delhi","Delhi"," D1 ILBS Road, Vasant Kunj,","Institute of Liver and Biliary Sciences, New Delhi","110070"
"Aurobindo Colony, Banaras Hindu University Campus, ,  221005 Varanasi,, Uttar Pradesh, India","15","Varanasi,","India","Aurobindo Colony, Banaras Hindu University Campus, Varanasi, Uttar Pradesh 221005","2020-03-22 20:45:31","Aurobindo Colony, Banaras Hindu University Campus, Varanasi, Uttar Pradesh 221005","39","25.274498","82.999542","","/index.php/testing-facilities/15-government-laboratories/39-institute-of-medical-sciences-bhu","Uttar Pradesh","Aurobindo Colony, Banaras Hindu University Campus, ","Institute of Medical Sciences BHU"," 221005"
"244, Acharya Jagadish Chandra Bose Rd, Bhowanipore, 700020  Kolkata,  West Bengal , India","15"," Kolkata","India","244, Acharya Jagadish Chandra Bose Rd, Bhowanipore, Kolkata, West Bengal 700020","2020-03-22 20:00:32","244, Acharya Jagadish Chandra Bose Rd, Bhowanipore, Kolkata, West Bengal 700020","22","22.53969","88.342216","","/index.php/testing-facilities/15-government-laboratories/22-institute-of-post-graduate-medical-education-research-ipgmer-kolkata"," West Bengal ","244, Acharya Jagadish Chandra Bose Rd, Bhowanipore","Institute of Post Graduate Medical Education & Research (IPGMER), Kolkata","700020"
"Narayanaguda, 500029 Hyderabad, Telangana, India","15","Hyderabad","India","Narayanaguda, Hyderabad, Telangana 500029","2020-03-27 07:32:06","Narayanaguda, Hyderabad, Telangana 500029","183","17.394382","78.49205","","/index.php/testing-facilities/15-government-laboratories/183-institute-of-preventive-medicine-hyderabad","Telangana","Narayanaguda","Institute Of Preventive Medicine, Hyderabad","500029"
"Thalappady, , 686019 Thalappady, , Kerala , India","15","Thalappady, ","India","Thalappady, Kerala 686019","2020-03-24 14:16:35","Thalappady, Kerala 686019","160","9.57547","76.578987","","/index.php/testing-facilities/15-government-laboratories/160-interuniversity-kottayam","Kerala ","Thalappady, ","Interuniversity, kottayam","686019"
"Jipmer Campus Rd, Gorimedu, Dhanvantari Nagar, ,  605006 Puducherry,, Puducherry,, India","15","Puducherry,","India","Jipmer Campus Rd, Gorimedu, Dhanvantari Nagar, Puducherry, 605006","2020-03-23 05:36:59","Jipmer Campus Rd, Gorimedu, Dhanvantari Nagar, Puducherry, 605006","86","11.950302","79.797508","","/index.php/testing-facilities/15-government-laboratories/86-jawaharlal-institute-of-postgraduate-medical-education-research-puducherry","Puducherry,","Jipmer Campus Rd, Gorimedu, Dhanvantari Nagar, ","Jawaharlal Institute of Postgraduate Medical Education & Research, Puducherry"," 605006"
"Porompat, , 795004 Imphal, ,  Manipur, India","15","Imphal, ","India","Porompat, Imphal, Manipur 795004","2020-03-23 05:30:01","Porompat, Imphal, Manipur 795004","82","24.809977","93.96096","","/index.php/testing-facilities/15-government-laboratories/82-jawaharlal-nehru-institute-of-medical-sciences-imphal-east-manipur"," Manipur","Porompat, ","Jawaharlal Nehru Institute of Medical Sciences, Imphal-East, Manipur","795004"
"Medical Rd, AMU Campus, 202002 Aligarh, Uttar Pradesh , India","15","Aligarh","India","Medical Rd, AMU Campus, Aligarh, Uttar Pradesh 202002","2020-03-22 20:41:03","Medical Rd, AMU Campus, Aligarh, Uttar Pradesh 202002","36","27.916861","78.087112","","/index.php/testing-facilities/15-government-laboratories/36-jawaharlal-nehru-medical-college-aligarh","Uttar Pradesh ","Medical Rd, AMU Campus","Jawaharlal Nehru Medical College, Aligarh","202002"
"N.H.-12, Kota Rd, Jhalawar, , 326001 Jhalawar,, Rajasthan , India","15","Jhalawar,","India","<p>Jhalawar Medical College,<br />Jhalawar, Rajasthan</p><p> </p><p>N.H.-12, Kota Rd, Jhalawar, Rajasthan 326001</p>","2020-03-23 07:10:05","<p>Jhalawar Medical College,<br />Jhalawar, Rajasthan</p><p> </p><p>N.H.-12, Kota Rd, Jhalawar, Rajasthan 326001</p>","105","24.58556","76.158852","","/index.php/testing-facilities/15-government-laboratories/105-jhalawar-medical-college-jhalawar-rajasthan","Rajasthan ","N.H.-12, Kota Rd, Jhalawar, ","Jhalawar Medical College, Jhalawar, Rajasthan","326001"
" Kala Bagh, 305001 Ajmer, Rajasthan, India","15","Ajmer","India","JLN Medical College, Ajmer, Kala Bagh, Ajmer, Rajasthan 305001","2020-03-23 11:13:31","JLN Medical College, Ajmer, Kala Bagh, Ajmer, Rajasthan 305001","139","26.467302","74.634148","","/index.php/testing-facilities/15-government-laboratories/139-jln-medical-college-ajmer","Rajasthan"," Kala Bagh","JLN Medical College, Ajmer","305001"
"Kushal Konwar Path, Barbheta, 785001 Jorhat, Assam, India","15","Jorhat","India","Jorhat Medical College, Jorhat Kushal Konwar Path, Barbheta, Jorhat, Assam 785001","2020-03-22 18:53:54","Jorhat Medical College, Jorhat Kushal Konwar Path, Barbheta, Jorhat, Assam 785001","14","26.742579","94.194832","","/index.php/testing-facilities/15-government-laboratories/14-jorhat-medical-college-jorhat","Assam","Kushal Konwar Path, Barbheta","Jorhat Medical College, Jorhat","785001"
" Sane Guruji Marg, Arya Nagar, Chinchpokli, 400034 Mumbai, Maharashtra, India","15","Mumbai","India","Kasturba Hospital for Infectious Diseases, Mumbai, Sane Guruji Marg, Arya Nagar, Chinchpokli,...","2020-03-23 10:27:21","Kasturba Hospital for Infectious Diseases, Mumbai, Sane Guruji Marg, Arya Nagar, Chinchpokli, Mumbai, Maharashtra 400034","134","18.984041","72.827652","","/index.php/testing-facilities/15-government-laboratories/134-kasturba-hospital-for-infectious-diseases-mumbai","Maharashtra"," Sane Guruji Marg, Arya Nagar, Chinchpokli","Kasturba Hospital for Infectious Diseases, Mumbai","400034"
"Shah Mina Rd, Chowk, 226003 Lucknow,  Uttar Pradesh, India","15","Lucknow","India","Shah Mina Rd, Chowk, Lucknow, Uttar Pradesh 226003","2020-03-22 20:39:16","Shah Mina Rd, Chowk, Lucknow, Uttar Pradesh 226003","35","26.868742","80.916214","","/index.php/testing-facilities/15-government-laboratories/35-king-george-s-medical-university-lucknow"," Uttar Pradesh","Shah Mina Rd, Chowk","King George's Medical University, Lucknow","226003"
"Guindy, 600032 Chennai, Tamil Nadu, India","15","Chennai","India","King Institute of Preventive Medicine and Research, <span class=""section-info-text""><span class=""widget-pane-link"">Guindy, Chennai, Tamil Nadu 600032</span></span>","2020-03-23 05:55:14","King Institute of Preventive Medicine and Research, <span class=""section-info-text""><span class=""widget-pane-link"">Guindy, Chennai, Tamil Nadu 600032</span></span>","95","13.012446","80.215416","","/index.php/testing-facilities/15-government-laboratories/95-king-institute-of-preventive-medicine-and-research-guindy-chennai-tamil-nadu","Tamil Nadu","Guindy","King Institute of Preventive Medicine and Research, Guindy, Chennai, Tamil Nadu","600032"
"Andheri West, 400053 Mumbai, Maharashtra, India","16","Mumbai","India","Kokilaben Dhirubhai Ambani Hospital Laboratory, Four Bungalows, Andheri (West), Mumbai,...","2020-03-24 08:40:27","Kokilaben Dhirubhai Ambani Hospital Laboratory, Four Bungalows, Andheri (West), Mumbai, Maharashtra, India","155","19.13126","72.822868","","/index.php/testing-facilities/16-private-laboratories/155-kokilaben-dhirubhai-ambani-hospital-laboratory-mumbai","Maharashtra","Andheri West","Kokilaben Dhirubhai Ambani Hospital Laboratory, Mumbai","400053"
"Steel Plant Road Sarkar Kollappatty, 636030 Salem, Tamil Nadu, India","15","Salem","India","<span class=""section-info-text""><span class=""widget-pane-link"">Government Mohan Kumaramangalam Medical College, Steel Plant Road Sarkar Kollappatty, Salem, Tamil</span></span>...","2020-03-23 05:45:08","<span class=""section-info-text""><span class=""widget-pane-link"">Government Mohan Kumaramangalam Medical College, Steel Plant Road Sarkar Kollappatty, Salem, Tamil Nadu 636030</span></span>","92","11.671602","78.065346","","/index.php/testing-facilities/15-government-laboratories/92-kumar-mangalam-government-medical-college-salem","Tamil Nadu","Steel Plant Road Sarkar Kollappatty","Kumar Mangalam Government Medical College, Salem","636030"
"Health street Building, Jubilee Hills, 500096 Hyderabad, Telangana, India","16","Hyderabad","India","Laboratory Services Apollo Hospitals Hyderabad, 6th Floor Health street Building, Jubilee Hills,...","2020-03-23 13:50:02","Laboratory Services Apollo Hospitals Hyderabad, 6th Floor Health street Building, Jubilee Hills, Hyderabad <span class=""LrzXr"">500096</span>","147","17.414244","78.410278","","/index.php/testing-facilities/16-private-laboratories/147-laboratory-services-apollo-hospitals-hyderabad","Telangana","Health street Building, Jubilee Hills","Laboratory Services Apollo Hospitals, Hyderabad","500096"
"Sarita Vihar, 110076 New Delhi, Delhi, India","16","New Delhi","India","<span>Laboratory Services Indraprastha Apollo Hospitals,  Sarita Vihar, New Delhi</span> <span class=""section-info-text""><span class=""widget-pane-link"">110076</span></span>","2020-03-23 13:37:06","<span>Laboratory Services Indraprastha Apollo Hospitals,  Sarita Vihar, New Delhi</span> <span class=""section-info-text""><span class=""widget-pane-link"">110076</span></span>","146","28.540602","77.281235","","/index.php/testing-facilities/16-private-laboratories/146-laboratory-services-indraprastha-apollo-hospitals-sarita-vihar-new-delhi","Delhi","Sarita Vihar","Laboratory Services Indraprastha Apollo Hospitals, Sarita Vihar, New Delhi","110076"
"Connaught Place, 110001 New Delhi, Delhi , India","15","New Delhi","India","Lady Hardinge Medical College, Connaught Place, New Delhi, Delhi 110001","2020-03-22 20:42:28","Lady Hardinge Medical College, Connaught Place, New Delhi, Delhi 110001","37","28.633987","77.212578","","/index.php/testing-facilities/15-government-laboratories/37-lady-hardinge-medical-college-new-delhi","Delhi ","Connaught Place","Lady Hardinge Medical College, New Delhi","110001"
" Garh Road, Jai Bhim Nagar, 250002 Meerut, Uttar Pradesh, India","15","Meerut","India","Garh Road, Jai Bhim Nagar, Meerut, Uttar Pradesh 250002","2020-03-23 12:19:25","Garh Road, Jai Bhim Nagar, Meerut, Uttar Pradesh 250002","142","28.960011","77.748032","","/index.php/testing-facilities/15-government-laboratories/142-lala-lajpat-rai-memorial-medical-college-meerut","Uttar Pradesh"," Garh Road, Jai Bhim Nagar","Lala Lajpat Rai Memorial Medical College, Meerut","250002"
"Dimrapal, 494001 Jagdalpur, Chhattisgarh , India","15","Jagdalpur","India","Dimrapal, Jagdalpur, Chhattisgarh 494001","2020-03-22 20:23:06","Dimrapal, Jagdalpur, Chhattisgarh 494001","30","19.050722","81.948189","","/index.php/testing-facilities/15-government-laboratories/30-late-baliram-kashyap-m-govt-medical-college-jagdalpur","Chhattisgarh ","Dimrapal","Late Baliram Kashyap M Govt. Medical College, Jagdalpur","494001"
"Pandit Nehru Marg, Indradeep Society, 361008 Jamnagar, Gujarat , India","15","Jamnagar","India","Pandit Nehru Marg, Indradeep Society, Jamnagar, Gujarat 361008","2020-03-22 20:55:21","Pandit Nehru Marg, Indradeep Society, Jamnagar, Gujarat 361008","41","22.477367","70.065231","","/index.php/testing-facilities/15-government-laboratories/41-m-p-shah-govt-medical-college-jamnagar","Gujarat ","Pandit Nehru Marg, Indradeep Society","M.P. Shah Govt Medical College, Jamnagar","361008"
"Near Park Town Station, Park Town, 600003 Chennai, Tamil Nadu, India","15","Chennai","India","Madras Medical College, <span class=""section-info-text""><span class=""widget-pane-link"">Near Park Town Station, Park Town, Chennai, Tamil Nadu 600003</span></span>","2020-03-23 05:57:52","Madras Medical College, <span class=""section-info-text""><span class=""widget-pane-link"">Near Park Town Station, Park Town, Chennai, Tamil Nadu 600003</span></span>","96","13.079977","80.270096","","/index.php/testing-facilities/15-government-laboratories/96-madras-medical-college-chennai-tamil-nadu","Tamil Nadu","Near Park Town Station, Park Town","Madras Medical College, Chennai, Tamil Nadu","600003"
"Medical College Rd, Alwarpuram, 625020 Madurai, Tamil Nadu, India","15","Madurai","India","<span class=""section-info-text""><span class=""widget-pane-link"">Medical College, Medical College Rd, Alwarpuram, Madurai, Tamil Nadu 625020</span></span>","2020-03-23 05:37:56","<span class=""section-info-text""><span class=""widget-pane-link"">Medical College, Medical College Rd, Alwarpuram, Madurai, Tamil Nadu 625020</span></span>","87","9.928428","78.134979","","/index.php/testing-facilities/15-government-laboratories/87-madurai-medical-college-madurai","Tamil Nadu","Medical College Rd, Alwarpuram","Madurai Medical College, Madurai","625020"
"Kodiyeri, Muzhikkara - MCC Rd, 670103 Thalassery, Kerala, India","15","Thalassery","India","Kodiyeri, Muzhikkara - MCC Rd, Illathaazha, Thalassery, Kerala 670103","2020-03-27 06:03:24","Kodiyeri, Muzhikkara - MCC Rd, Illathaazha, Thalassery, Kerala 670103","179","11.749465","75.523911","","/index.php/testing-facilities/15-government-laboratories/179-malabar-cancer-centre-thalassery","Kerala","Kodiyeri, Muzhikkara - MCC Rd","Malabar Cancer Centre, Thalassery","670103"
"1, Press Enclave Road, Saket, 110017 New Delhi, Delhi, India","16","New Delhi","India","Max lab, Max Super Speciality Hospital, 1, Press Enclave Road, Saket New Delhi 110017","2020-03-24 09:54:54","Max lab, Max Super Speciality Hospital, 1, Press Enclave Road, Saket New Delhi 110017","156","28.527643","77.2099","","/index.php/testing-facilities/16-private-laboratories/156-max-lab-max-super-speciality-hospita-saket-new-delhi","Delhi","1, Press Enclave Road, Saket","Max lab, Max Super Speciality Hospita, Saket, New Delhi","110017"
"Plot 16 & 17, Swathi  Plaza, Bhavani Enclave, Anand Nagar, New Bowenpally, near Asish Gardens, 500011 Hyderabad, Telangana, India","16","Hyderabad","India","Plot 16 & 17, Swathi Plaza, Bhavani Enclave, Anand Nagar, New Bowenpally, near Asish Gardens,...","2020-03-28 08:04:06","Plot 16 & 17, Swathi Plaza, Bhavani Enclave, Anand Nagar, New Bowenpally, near Asish Gardens, Hyderabad, Telangana 500011","191","17.458767","78.478363","","/index.php/testing-facilities/16-private-laboratories/191-medcis-pathlabs-india-pvt-ltd-secunderabad","Telangana","Plot 16 & 17, Swathi  Plaza, Bhavani Enclave, Anand Nagar, New Bowenpally, near Asish Gardens","Medcis Pathlabs India Pvt.Ltd., Secunderabad","500011"
"4th Floor, Commerical Building 1-A, Kohinoor City Mall, Vidyavihar (West), 400070 Mumbai, Maharashtra, India","16","Mumbai","India","Metropolis Healthcare Ltd, <span class=""section-info-text""><span class=""widget-pane-link"">4th Floor, Commerical Building 1-A, Kohinoor City Mall, Off LBS Marg,</span></span>...","2020-03-23 07:53:32","Metropolis Healthcare Ltd, <span class=""section-info-text""><span class=""widget-pane-link"">4th Floor, Commerical Building 1-A, Kohinoor City Mall, Off LBS Marg, Vidyavihar (West), Mumbai, Maharashtra 400070</span></span>","113","19.082016","72.88353","","/index.php/testing-facilities/16-private-laboratories/113-metropolis-healthcare-ltd","Maharashtra","4th Floor, Commerical Building 1-A, Kohinoor City Mall, Vidyavihar (West)","Metropolis Healthcare Ltd","400070"
"A.B.Road, Indore,, 452001  Indore,  Madhya Pradesh , India","15"," Indore","India","MGM Medical College, Indore, Madhya Pradesh","2020-03-23 03:56:14","MGM Medical College, Indore, Madhya Pradesh","67","22.714333","75.880692","","/index.php/testing-facilities/15-government-laboratories/67-mgm-medical-college-indore"," Madhya Pradesh ","A.B.Road, Indore,","MGM Medical College, Indore","452001"
"Dimna Rd, Hill View Colony, Mango, , 831020 Jamshedpur, , Jharkhand , India","15","Jamshedpur, ","India","Dimna Rd, Hill View Colony, Mango, Jamshedpur, Jharkhand 831020","2020-03-22 22:12:34","Dimna Rd, Hill View Colony, Mango, Jamshedpur, Jharkhand 831020","55","22.843639","86.232399","","/index.php/testing-facilities/15-government-laboratories/55-mgm-medical-college-jamshedpur","Jharkhand ","Dimna Rd, Hill View Colony, Mango, ","MGM Medical College, Jamshedpur ","831020"
"kings colony, united nagar, veerakeralam road, vadavalli, 641041 Coimbatore, Tamil Nadu, India","16","Coimbatore","India","Microbiological laboratory, no-02, kings colony, united nagar, veerakeralam road, vadavalli,...","2020-03-30 15:15:50","Microbiological laboratory, no-02, kings colony, united nagar, veerakeralam road, vadavalli, Coimbatore, Tamil Nadu, India","211","11.014438","76.909927","","/index.php/testing-facilities/16-private-laboratories/211-microbiological-laboratory-coimbatore","Tamil Nadu","kings colony, united nagar, veerakeralam road, vadavalli","Microbiological Laboratory, Coimbatore","641041"
"Vidyasagar Rd, 721101  Midnapore, West Bengal, ","15"," Midnapore","","Vidyasagar Road , Paschim Medinipur, Midnapore, West Bengal, 721 101","2020-03-22 20:04:48","Vidyasagar Road , Paschim Medinipur, Midnapore, West Bengal, 721 101","25","22.421703","87.323135","","/index.php/testing-facilities/15-government-laboratories/25-midnapore-medical-college-midnapore","West Bengal","Vidyasagar Rd","Midnapore Medical College, Midnapore","721101"
"Mini Bypass Rd, Govindapuram, 673016 Kozhikode, Kerala , India","16","Kozhikode","India","Aster MIMS Laboratory Services, Mini, Mini Bypass Rd, Govindapuram, Kozhikode, Kerala 673016","2020-03-27 10:49:56","Aster MIMS Laboratory Services, Mini, Mini Bypass Rd, Govindapuram, Kozhikode, Kerala 673016","188","11.245797","75.79866","","/index.php/testing-facilities/16-private-laboratories/188-mims-laboratory-services-kozhikode","Kerala ","Mini Bypass Rd, Govindapuram","MIMS Laboratory Services, Kozhikode","673016"
"363-364/4, Jawahar Nagar, New Railway Road, 122001 Gurugram, Haryana, India","16","Gurugram","India","363-364/4, Jawahar Nagar, New Railway Road, Gurugram-122001, Haryana","2020-03-25 06:54:58","363-364/4, Jawahar Nagar, New Railway Road, Gurugram-122001, Haryana","168","28.466013","77.02478","","/index.php/testing-facilities/16-private-laboratories/168-modern-diagnostic-research-centre-laboratory-gurugram","Haryana","363-364/4, Jawahar Nagar, New Railway Road","Modern Diagnostic & research Centre Laboratory, Gurugram","122001"
"Plot 28-29, Electronic City, Sector 18, 122001 Gurugram, Haryana , India","16","Gurugram","India","Plot 28-29, Sector 18(P), Electronic City, Udyog Vihar Phase-IV, Gurugram, Haryana 122001","2020-03-28 08:19:16","Plot 28-29, Sector 18(P), Electronic City, Udyog Vihar Phase-IV, Gurugram, Haryana 122001","192","28.500406","77.072037","","/index.php/testing-facilities/16-private-laboratories/192-molq-lab-a-unit-of-molecular-quest-healthcare-private-limited-gurugram","Haryana ","Plot 28-29, Electronic City, Sector 18","Molq Lab (A Unit of Molecular Quest Healthcare Private Limited), Gurugram","122001"
"Irwin Road, next to Railway Staion, , 570001 Mysuru, , Karnataka , India","15","Mysuru, ","India","Irwin Road, next to Railway Staion, Mysuru, Karnataka 570001","2020-03-22 22:23:23","Irwin Road, next to Railway Staion, Mysuru, Karnataka 570001","57","12.314514","76.646339","","/index.php/testing-facilities/15-government-laboratories/57-mysore-medical-college-research-institute-mysore","Karnataka ","Irwin Road, next to Railway Staion, ","Mysore Medical College & Research Institute, Mysore","570001"
" 22, Sham Nath Marg, Civil Lines, 110054 New Delhi, Delhi, India","15","New Delhi","India"," 22, Sham Nath Marg, Civil Lines, New Delhi, Delhi 110054","2020-03-23 09:14:23"," 22, Sham Nath Marg, Civil Lines, New Delhi, Delhi 110054","124","28.679474","77.22139","","/index.php/testing-facilities/15-government-laboratories/124-national-centre-for-disease-control-new-delhi","Delhi"," 22, Sham Nath Marg, Civil Lines","National Centre for Disease Control, New Delhi","110054"
"Nagpur Road, near NSCB Medical Collage, Dhanvantri Nagar, Shastri Nagar,, 482003 Jabalpur, Madhya Pradesh, India","15","Jabalpur","India","Nagpur Road, near NSCB Medical Collage, Dhanvantri Nagar, Shastri Nagar, Jabalpur, Madhya Pradesh...","2020-03-23 04:57:34","Nagpur Road, near NSCB Medical Collage, Dhanvantri Nagar, Shastri Nagar, Jabalpur, Madhya Pradesh 482003","70","23.147329","79.878586","","/index.php/testing-facilities/15-government-laboratories/70-national-institute-for-research-in-tribal-health-jabalpur","Madhya Pradesh","Nagpur Road, near NSCB Medical Collage, Dhanvantri Nagar, Shastri Nagar,","National Institute for Research in Tribal Health, Jabalpur","482003"
"GB 4, 1st Floor, ID & BG Hospital Campus, 57, Dr SC Banerjee Rd ,  700010 Kolkata, West Bengal , India","15","Kolkata","India","GB 4, 1st Floor, ID & BG Hospital Campus, 57, Dr SC Banerjee Rd, Beleghata, Kolkata, West Bengal...","2020-03-22 19:57:00","GB 4, 1st Floor, ID & BG Hospital Campus, 57, Dr SC Banerjee Rd, Beleghata, Kolkata, West Bengal 700010","20","22.564617","88.400352","","/index.php/testing-facilities/15-government-laboratories/20-national-institute-of-cholera-enteric-diseases-niced-kolkata","West Bengal ","GB 4, 1st Floor, ID & BG Hospital Campus, 57, Dr SC Banerjee Rd ","National Institute of Cholera & Enteric Diseases (NICED), Kolkata"," 700010"
"Vandanam, , 688005 Allapuzzha, Kerala , India","15","Allapuzzha","India","Vandanam, Kerala 688005","2020-03-22 22:52:58","Vandanam, Kerala 688005","65","9.418581","76.343201","","/index.php/testing-facilities/15-government-laboratories/65-national-institute-of-virology-field-unit-allapuzzha","Kerala ","Vandanam, ","National Institute of Virology Field Unit, Allapuzzha","688005"
"Haffkine Institute Compound, A D Marg, Parel , 4000012 Mumbai, Maharashtra, India","15","Mumbai","India","National Institute of Virology Field Unit, Mumbai, Haffkine Institute Compound, A D Marg, Parel...","2020-03-23 11:07:06","National Institute of Virology Field Unit, Mumbai, Haffkine Institute Compound, A D Marg, Parel Mumbai 4000012","138","19.002056","72.841553","","/index.php/testing-facilities/15-government-laboratories/138-national-institute-of-virology-field-unit-mumbai","Maharashtra","Haffkine Institute Compound, A D Marg, Parel ","National Institute of Virology Field Unit, Mumbai","4000012"
"1st Block, Jayanagar, 560011 Bengaluru, Karnataka, India","15","Bengaluru","India","National Institute of Virology, Field Unit, <span class=""section-info-text""><span class=""widget-pane-link"">Jaya Nagar 1st Block, Jayanagar, Bengaluru, Karnataka</span></span>...","2020-03-23 09:32:54","National Institute of Virology, Field Unit, <span class=""section-info-text""><span class=""widget-pane-link"">Jaya Nagar 1st Block, Jayanagar, Bengaluru, Karnataka 560011</span></span>","129","12.937333","77.588646","","/index.php/testing-facilities/15-government-laboratories/129-national-institute-of-virology-field-unit-bengaluru","Karnataka","1st Block, Jayanagar","National Institute of Virology, Field Unit, Bengaluru","560011"
"130/1, Pashan - Sus Rd, 411021 Pune, Maharashtra, India","15","Pune","India","<span class=""section-info-text""><span class=""widget-pane-link"">National Institute of Virology, Pune, 130/1, Pashan - Sus Rd, Pashan Gaon, Pashan, Pune,</span></span>...","2020-03-23 09:37:18","<span class=""section-info-text""><span class=""widget-pane-link"">National Institute of Virology, Pune, 130/1, Pashan - Sus Rd, Pashan Gaon, Pashan, Pune, Maharashtra 411021</span></span>","130","18.547873","73.769043","","/index.php/testing-facilities/15-government-laboratories/130-national-institute-of-virology-pune","Maharashtra","130/1, Pashan - Sus Rd","National Institute of Virology, Pune","411021"
"Anand Tower, #54, Bowring Hospital Road, 560001 Bengaluru, Karnataka, India","16","Bengaluru","India","...","2020-03-23 07:59:29","<span id=""docs-internal-guid-a958a4c6-7fff-654d-6a9c-2225e7085f1d"" style=""font-size: 11pt; font-family: Arial; color: #000000; background-color: transparent; font-weight: 400; font-style: normal; font-variant: normal; text-decoration: none; vertical-align: baseline; white-space: pre-wrap;"">Neuberg Anand Reference Laboratory, Anand Tower, #54, bowring Hospital Road, Bengaluru, karnataka, India <span id=""docs-internal-guid-63386298-7fff-37e7-54fa-1cdfd0e02a9c"" style=""font-size: 10.5pt; font-family: Arial; color: #222222; background-color: #ffffff; font-weight: 400; font-style: normal; font-variant: normal; text-decoration: none; vertical-align: baseline; white-space: pre-wrap;"">560001</span></span>","115","12.981785","77.602783","","/index.php/testing-facilities/16-private-laboratories/115-neuberg-anand-reference-laboratory-bengaluru","Karnataka","Anand Tower, #54, Bowring Hospital Road","Neuberg Anand Reference Laboratory, Bengaluru","560001"
" 46 & 48, Masilamani Road, Balaji Nagar, 600 014 Chennai, Tamil Nadu, India","16","Chennai","India","Neuberg Ehrlich Laboratory Pvt Ltd, 46 & 48, Masilamani Road, Balaji Nagar, Royapettah, Chennai -...","2020-03-24 08:18:10","Neuberg Ehrlich Laboratory Pvt Ltd, 46 & 48, Masilamani Road, Balaji Nagar, Royapettah, Chennai - 600 014, Tamil Nadu","152","13.0486","80.26387","","/index.php/testing-facilities/16-private-laboratories/152-neuberg-ehrlich-laboratory-pvt-ltd-chennai","Tamil Nadu"," 46 & 48, Masilamani Road, Balaji Nagar","Neuberg Ehrlich Laboratory Pvt Ltd,  Chennai","600 014"
"Punjagutta Rd, Punjagutta Market, Punjagutta, 500082 Hyderabad, Telangana , India","15","Hyderabad","India","Punjagutta Rd, Punjagutta Market, Punjagutta, Hyderabad, Telangana 500082","2020-03-24 21:04:06","Punjagutta Rd, Punjagutta Market, Punjagutta, Hyderabad, Telangana 500082","164","17.422014","78.452026","","/index.php/testing-facilities/15-government-laboratories/164-nizam-s-institute-of-medical-sciences-hyderabad","Telangana ","Punjagutta Rd, Punjagutta Market, Punjagutta","Nizam's Institute Of Medical Sciences, Hyderabad","500082"
"Siliguri, 734012 Siliguri, West Bengal , India","15","Siliguri","India","Siliguri, West Bengal 734012","2020-03-22 20:07:12","Siliguri, West Bengal 734012","26","26.690771","88.384911","","/index.php/testing-facilities/15-government-laboratories/26-north-bengal-medical-college-darjeeling","West Bengal ","Siliguri","North Bengal Medical College, Darjeeling","734012"
"Mawdiangdiang, , 793018 Shillong, , Meghalaya , India","15","Shillong, ","India","NEIGRIHMS, Shillong","2020-03-23 05:32:10","NEIGRIHMS, Shillong","83","25.591112","91.937798","","/index.php/testing-facilities/15-government-laboratories/83-north-eastern-indira-gandhi-regional-institute-of-health-medical-sciences-neigrihms-shillong","Meghalaya ","Mawdiangdiang, ","North Eastern Indira Gandhi Regional Institute of Health & Medical Sciences (NEIGRIHMS), Shillong","793018"
"3-Factory Road, Adjacent Safdarjung Hospital, 110029 New Delhi, Delhi, India","16","New Delhi","India","ONCQUEST LABORATORIES LIMITED, 3-Factory Road, Adjacent Safdarjung Hospital, New Delhi, Delhi 110029","2020-03-26 07:55:54","ONCQUEST LABORATORIES LIMITED, 3-Factory Road, Adjacent Safdarjung Hospital, New Delhi, Delhi 110029","173","28.566372","77.197624","","/index.php/testing-facilities/16-private-laboratories/173-oncquest-laboratories-limited-new-delhi","Delhi","3-Factory Road, Adjacent Safdarjung Hospital","ONCQUEST LABORATORIES LIMITED, New Delhi","110029"
"5-1-876, Turrebaz Khan Rd, 500095 Hyderabad, Telangana, India","15","Hyderabad","India","Osmania Medical College, <span class=""section-info-text""><span class=""widget-pane-link"">5-1-876, Turrebaz Khan Rd, Troop Bazaar, Koti, Hyderabad, Telangana 500095</span></span>","2020-03-23 07:11:45","Osmania Medical College, <span class=""section-info-text""><span class=""widget-pane-link"">5-1-876, Turrebaz Khan Rd, Troop Bazaar, Koti, Hyderabad, Telangana 500095</span></span>","106","17.382252","78.480659","","/index.php/testing-facilities/15-government-laboratories/106-osmania-medical-college-hyderabad","Telangana","5-1-876, Turrebaz Khan Rd","Osmania Medical College, Hyderabad","500095"
"SH 16A, Dev Colony, , 124514 Rohtak, , Haryana , India","15","Rohtak, ","India","Pandit Bhagwat Dayal Sharma Post Graduate Institute of Medical Sciences, SH 16A, Dev Colony,...","2020-03-22 21:26:34","Pandit Bhagwat Dayal Sharma Post Graduate Institute of Medical Sciences, SH 16A, Dev Colony, Rohtak, Haryana 124514","47","28.883762","76.608688","","/index.php/testing-facilities/15-government-laboratories/47-pandit-bhagwat-dayal-sharma-post-graduate-institute-of-medical-sciences-rohtak","Haryana ","SH 16A, Dev Colony, ","Pandit Bhagwat Dayal Sharma Post Graduate  Institute of Medical Sciences, Rohtak","124514"
"1st floor sankalp Squre Juna sharda Mandir Cross Road, 380006 Ahmedabad, Gujarat, India","16","Ahmedabad","India","1st floor sankalp Squre Juna sharda Mandir Cross Road, Ahmedabad, Gujarat 380006","2020-03-26 08:03:03","1st floor sankalp Squre Juna sharda Mandir Cross Road, Ahmedabad, Gujarat 380006","174","23.019569","72.560623","","/index.php/testing-facilities/16-private-laboratories/174-pangenomics-international-pvt-ltd-ahmedabad","Gujarat","1st floor sankalp Squre Juna sharda Mandir Cross Road","PanGenomics International Pvt. Ltd., Ahmedabad","380006"
"Sy. #34, Opp: Geethanjali Engineering College, Cheeryal (V), Keesara (M), 501301 Greater Hyderabad, Telangana , India","16","Greater Hyderabad","India","Sy. #34, Opp: Geethanjali Engineering College, Cheeryal (V), Keesara (M), Greater Hyderabad,...","2020-03-27 06:26:59","Sy. #34, Opp: Geethanjali Engineering College, Cheeryal (V), Keesara (M), Greater Hyderabad, Telangana 501301","180","17.521467","78.632492","","/index.php/testing-facilities/16-private-laboratories/180-pathcare-labs-pvt-ltd-hyderabad","Telangana ","Sy. #34, Opp: Geethanjali Engineering College, Cheeryal (V), Keesara (M)","PATHCARE Labs Pvt. Ltd., Hyderabad","501301"
"Ashok Rajpath, Patna University Campus, 80001  Patna, Bihar, India","15"," Patna","India","<h2><b>Patna Medical College, Patna</b></h2><p>Ashok Rajpath, Patna University Campus, Patna, Bihar 80001</p>","2020-03-22 19:40:04","<h2><b>Patna Medical College, Patna</b></h2><p>Ashok Rajpath, Patna University Campus, Patna, Bihar 80001</p>","17","25.620943","85.160316","","/index.php/testing-facilities/15-government-laboratories/17-patna-medical-college-patna","Bihar","Ashok Rajpath, Patna University Campus","Patna Medical College, Patna","80001"
"Madhya Marg, Sector 12, 160012 Chandigarh, Chandigarh, India","15","Chandigarh","India","Post Graduate Institute of Medical Education & Research, Chandigarh, Madhya Marg, Sector 12,...","2020-03-22 20:03:32","Post Graduate Institute of Medical Education & Research, Chandigarh, Madhya Marg, Sector 12, Chandigarh, 160012","24","30.764416","76.775047","","/index.php/testing-facilities/15-government-laboratories/24-post-graduate-institute-of-medical-education-research-chandigarh","Chandigarh","Madhya Marg, Sector 12","Post Graduate Institute  of Medical Education  & Research, Chandigarh","160012"
"515-516, Sector-19, Dwarka, 110075 New Delhi, Delhi, India","16","New Delhi","India","515-516, behind Gupta Properties, Close to Welcome Hotel (ITC, Sector 19, Pocket 1, Dwarka, New...","2020-03-27 08:14:43","515-516, behind Gupta Properties, Close to Welcome Hotel (ITC, Sector 19, Pocket 1, Dwarka, New Delhi, Delhi 110075","186","28.580231","77.051018","","/index.php/testing-facilities/16-private-laboratories/186-prognosis-laboratories-new-delhi","Delhi","515-516, Sector-19, Dwarka","Prognosis Laboratories, New Delhi","110075"
"Sadikpur, 800007 Patna, Bihar, India","15","Patna","India","Sadikpur, Patna, Bihar 800007","2020-03-22 19:58:14","Sadikpur, Patna, Bihar 800007","21","25.599751","85.197723","","/index.php/testing-facilities/15-government-laboratories/21-rajendra-memorial-research-institute-of-medical-sciences-patna","Bihar","Sadikpur","Rajendra  Memorial  Research  Institute  of  Medical  Sciences, Patna","800007"
"Rims Cir, Indraprasth Colony, Bariatu, , 834009 Ranchi, , Jharkhand , India","15","Ranchi, ","India","Rims Cir, Indraprasth Colony, Bariatu, Ranchi, Jharkhand 834009","2020-03-22 22:09:32","Rims Cir, Indraprasth Colony, Bariatu, Ranchi, Jharkhand 834009","54","23.391525","85.34845","","/index.php/testing-facilities/15-government-laboratories/54-rajendra-institute-of-medical-sciences-ranchi","Jharkhand ","Rims Cir, Indraprasth Colony, Bariatu, ","Rajendra Institute of Medical Sciences, Ranchi","834009"
"Melarannoor Road Behind Central Jail Poojapura, 695014 Thiruvananthapuram, Kerala, India","15","Thiruvananthapuram","India","Rajiv Gandhi Center for Biotechnology,, Melarannoor Road Behind Central Jail Poojapura, Thycaud,...","2020-03-23 10:17:03","Rajiv Gandhi Center for Biotechnology,, Melarannoor Road Behind Central Jail Poojapura, Thycaud, Thiruvananthapuram, Kerala 695014","132","8.49236","76.964684","","/index.php/testing-facilities/15-government-laboratories/132-rajiv-gandhi-center-for-biotechnology-thiruvananthapuram","Kerala","Melarannoor Road Behind Central Jail Poojapura","Rajiv Gandhi Center for Biotechnology, Thiruvananthapuram","695014"
"Pithampuram Road, 533001 Kakinada, Andhra Pradesh , India","15","Kakinada","India","Rangaraya Medical College, Kakinada Pithampuram Road, Kakinada, Andhra Pradesh 533001","2020-03-22 15:01:58","Rangaraya Medical College, Kakinada Pithampuram Road, Kakinada, Andhra Pradesh 533001","8","16.9792","82.237297","","/index.php/testing-facilities/15-government-laboratories/8-rangaraya-medical-college-kakinada","Andhra Pradesh ","Pithampuram Road","Rangaraya Medical College, Kakinada","533001"
"Lamphel Road, Lamphelpat,, 795004  Imphal,  Manipur , India","15"," Imphal","India","Lamphel Road, Lamphelpat, Imphal, Manipur 795004","2020-03-23 05:27:58","Lamphel Road, Lamphelpat, Imphal, Manipur 795004","81","24.815901","93.920616","","/index.php/testing-facilities/15-government-laboratories/81-regional-institute-of-medical-sciences-imphal"," Manipur ","Lamphel Road, Lamphelpat,","Regional Institute of Medical Sciences, Imphal","795004"
"Nandankanan Rd, Samanta Vihar, Gajapati Nagar,  751017  Bhubaneswar, Odisha, India","15"," Bhubaneswar","India","Nandankanan Rd, Samanta Vihar, Gajapati Nagar, Bhubaneswar, Odisha 751017","2020-03-23 05:33:27","Nandankanan Rd, Samanta Vihar, Gajapati Nagar, Bhubaneswar, Odisha 751017","84","20.31682","85.819847","","/index.php/testing-facilities/15-government-laboratories/84-regional-medical-research-centre-rmrc-bhubaneswar","Odisha","Nandankanan Rd, Samanta Vihar, Gajapati Nagar","Regional Medical Research Centre (RMRC), Bhubaneswar"," 751017"
"Bokul, Lahowal, 786001 Dibrugarh, Assam, India","15","Dibrugarh","India","Regional Medical Research Centre, Dibrugarh Bokul, Lahowal, Dibrugarh, Assam, Assam 786001","2020-03-22 17:49:08","Regional Medical Research Centre, Dibrugarh Bokul, Lahowal, Dibrugarh, Assam, Assam 786001","11","27.472786","94.982841","","/index.php/testing-facilities/15-government-laboratories/11-regional-medical-research-centre-dibrugarh","Assam","Bokul, Lahowal","Regional Medical Research Centre, Dibrugarh","786001"
"Post Bag 13, Dollygun, 744103 Port Blair, Andaman and Nicobar Islands, India","15","Port Blair","India","Post Bag 13, Dollygunj, Port Blair, Andaman and Nicobar Islands 744103","2020-03-22 10:30:34","Post Bag 13, Dollygunj, Port Blair, Andaman and Nicobar Islands 744103","3","11.634907","92.714638","","/index.php/testing-facilities/15-government-laboratories/3-regional-medical-research-centre-port-blair","Andaman and Nicobar Islands","Post Bag 13, Dollygun","Regional Medical Research Centre, Port Blair ","744103"
"A-21/A, Nirala Nagar, 226020 Lucknow, Uttar Pradesh, India","16","Lucknow","India","A-21/A, Nirala Nagar, Lucknow, Uttar Pradesh 226020","2020-03-27 05:35:03","A-21/A, Nirala Nagar, Lucknow, Uttar Pradesh 226020","176","26.875189","80.935524","","/index.php/testing-facilities/16-private-laboratories/176-rml-mehrotra-pathology-pvt-ltd-lucknow","Uttar Pradesh","A-21/A, Nirala Nagar","RML Mehrotra Pathology Pvt Ltd., Lucknow","226020"
"Court Chowk, City's Prime Health Care Area, ,  313001 Udaipur, Rajasthan, India","15","Udaipur","India","<p>RNT Medical College,<br />Udaipur</p><p>Court Chowk, City's Prime Health Care Area, Udaipur, Rajasthan 313001</p>","2020-03-23 07:04:50","<p>RNT Medical College,<br />Udaipur</p><p>Court Chowk, City's Prime Health Care Area, Udaipur, Rajasthan 313001</p>","101","24.588215","73.692795","","/index.php/testing-facilities/15-government-laboratories/101-rnt-medical-college-udaipur","Rajasthan","Court Chowk, City's Prime Health Care Area, ","RNT Medical College, Udaipur"," 313001"
"2nd Floor, President Plaza-A, Nanpura, 395001 Surat, Gujarat, India","16","Surat","India","S. N. GENELAB, 2nd Floor, President Plaza-A, Nanpura, Surat, Gujarat, India 395001","2020-03-24 08:04:25","S. N. GENELAB, 2nd Floor, President Plaza-A, Nanpura, Surat, Gujarat, India 395001","151","21.18338","72.812172","","/index.php/testing-facilities/16-private-laboratories/151-s-n-genelab-nanpura-surat","Gujarat","2nd Floor, President Plaza-A, Nanpura","S. N. GENELAB, Nanpura, Surat","395001"
"S.p.medical collage, PBM Hospital,  ,  334001 Bikaner, Rajasthan, India","15","Bikaner","India","<p>S.P. Medical College &<br />Associated Group of<br />Hospitals, Bikaner,<br />Rajasthan</p><p> </p><p> </p><p>S.p.medical collage, PBM</p>...","2020-03-23 07:08:15","<p>S.P. Medical College &<br />Associated Group of<br />Hospitals, Bikaner,<br />Rajasthan</p><p> </p><p> </p><p>S.p.medical collage, PBM Hospital, Bikaner, Rajasthan 334001</p>","103","28.00639","73.328323","","/index.php/testing-facilities/15-government-laboratories/103-s-p-medical-college-associated-group-of-hospitals-bikaner","Rajasthan","S.p.medical collage, PBM Hospital,  ","S.P. Medical College & Associated Group of Hospitals, Bikaner"," 334001"
"New PMSSY Rd, Raibareli Rd, 226014 Lucknow, Uttar Pradesh, India","15","Lucknow","India","New PMSSY Rd, Raibareli Rd, Lucknow, Uttar Pradesh 226014","2020-03-23 12:22:34","New PMSSY Rd, Raibareli Rd, Lucknow, Uttar Pradesh 226014","143","26.743549","80.943008","","/index.php/testing-facilities/15-government-laboratories/143-sanjay-gandhi-post-graduate-institute-lucknow","Uttar Pradesh","New PMSSY Rd, Raibareli Rd","Sanjay Gandhi Post Graduate Institute, Lucknow","226014"
"Jawahar Lal Nehru Marg, Gangawal Park, Adarsh Nagar, , 302004 Jaipur, Rajasthan , India","15","Jaipur","India","<p>SMS Medical College,<br />Jaipur</p><p>Jawahar Lal Nehru Marg, Gangawal Park, Adarsh Nagar, Jaipur, Rajasthan</p>...","2020-03-23 07:01:33","<p>SMS Medical College,<br />Jaipur</p><p>Jawahar Lal Nehru Marg, Gangawal Park, Adarsh Nagar, Jaipur, Rajasthan 302004</p>","98","26.905384","75.816635","","/index.php/testing-facilities/15-government-laboratories/98-sawai-man-singh-sms-medical-college-jaipur","Rajasthan ","Jawahar Lal Nehru Marg, Gangawal Park, Adarsh Nagar, ","Sawai Man Singh (SMS) Medical College, Jaipur","302004"
"SCB Medical College, PG Hostel, , 753001 Cuttack, , Odisha , India","15","Cuttack, ","India","<p>SCB Medical College,<br />Cuttack</p><p> </p><p>SCB Medical College, PG Hostel, Cuttack, Odisha 753001</p><p> </p><p> </p>","2020-03-23 05:35:26","<p>SCB Medical College,<br />Cuttack</p><p> </p><p>SCB Medical College, PG Hostel, Cuttack, Odisha 753001</p><p> </p><p> </p>","85","20.472128","85.889336","","/index.php/testing-facilities/15-government-laboratories/85-scb-medical-college-cuttack","Odisha ","SCB Medical College, PG Hostel, ","SCB Medical College, Cuttack","753001"
"108, Chittaranjan Avenue, 700 073 Kolkata, West Bengal, India","15","Kolkata","India","108, Chittaranjan Avenue, Kolkata - 700 073, West Bengal","2020-03-31 05:38:12","108, Chittaranjan Avenue, Kolkata - 700 073, West Bengal","212","22.574972","88.359772","","/index.php/testing-facilities/15-government-laboratories/212-school-of-tropical-medicine-kolkata","West Bengal","108, Chittaranjan Avenue","School of Tropical Medicine, Kolkata","700 073"
"Acharya Donde Marg, Parel,  400012 Mumbai, Maharashtra , India","15","Mumbai","India","Acharya Donde Marg, Parel, Mumbai, Maharashtra 400012","2020-03-23 05:11:34","Acharya Donde Marg, Parel, Mumbai, Maharashtra 400012","74","19.002028","72.842033","","/index.php/testing-facilities/15-government-laboratories/74-seth-gs-medical-college-kem-hospital-mumbai","Maharashtra ","Acharya Donde Marg, Parel","Seth GS Medical College & KEM Hospital, Mumbai"," 400012"
"Sagar Road, , 577201 Shivamogga,,  Karnataka , India","15","Shivamogga,","India","N.H.206, Sagara Road, Shivamogga, Karnataka 577201","2020-03-22 22:34:17","N.H.206, Sagara Road, Shivamogga, Karnataka 577201","60","13.932601","75.566864","","/index.php/testing-facilities/15-government-laboratories/60-shimoga-institute-of-medical-sciences-shivamogga"," Karnataka ","Sagar Road, ","Shimoga Institute of Medical Sciences, Shivamogga","577201"
"Chakkarbardi, Malegaon Road,  ,  424001 Dhule,, Maharashtra, India","15","Dhule,","India","None","2020-03-23 05:20:50","<h1 class=""section-hero-header-title-title GLOBAL__gm2-headline-5"" style=""background: transparent; border: 0px; font-style: inherit; font-variant: inherit; font-weight: 400; font-size: 1.375rem; line-height: 1.75rem; font-family: 'Google Sans', Roboto, 'Noto Sans Devanagari UI', 'Noto Sans Bengali UI', 'Noto Sans Telugu UI', 'Noto Sans Tamil UI', 'Noto Sans Gujarati UI', 'Noto Sans Kannada UI', 'Noto Sans Malayalam UI', 'Noto Sans Gurmukhi UI', Arial, sans-serif; list-style: none; margin: 0px; outline: 0px; overflow: visible; padding: 0px; vertical-align: baseline;"">Shree Bhausaheb Hire Govt Medical College, Dhule</h1>Chakkarbardi, Malegaon Road, Dhule, Maharashtra 424001","78","20.863955","74.760155","","/index.php/testing-facilities/15-government-laboratories/78-shree-bhausaheb-hire-govt-medical-college-dhule","Maharashtra","Chakkarbardi, Malegaon Road,  ","Shree Bhausaheb Hire Govt Medical College, Dhule"," 424001"
"NH 16 Service Rd, beside Dr NTR University of Health Sciences, 520008 Vijayawada, Andhra Pradesh, India","15","Vijayawada","India","Siddhartha Medical College, Vijayawada NH 16 Service Rd, beside Dr NTR University of Health...","2020-03-22 12:29:31","Siddhartha Medical College, Vijayawada NH 16 Service Rd, beside Dr NTR University of Health Sciences, Gunadala, Vijayawada, Andhra Pradesh 520008","5","16.517401","80.671303","","/index.php/testing-facilities/15-government-laboratories/5-sidhartha-medical-college-vijayawada","Andhra Pradesh","NH 16 Service Rd, beside Dr NTR University of Health Sciences","Sidhartha Medical College, Vijayawada","520008"
"Ghungoor Road, beside Indian Post, Masimpur, 788014 Uttar Krishnapur Pt III, Assam, India","15","Uttar Krishnapur Pt III","India","Silchar Medical College, Silchar Ghungoor Road, beside Indian Post, Masimpur, Uttar Krishnapur Pt...","2020-03-22 18:43:54","Silchar Medical College, Silchar Ghungoor Road, beside Indian Post, Masimpur, Uttar Krishnapur Pt III, Assam 788014","13","24.775801","92.794914","","/index.php/testing-facilities/15-government-laboratories/13-silchar-medical-college-silchar","Assam","Ghungoor Road, beside Indian Post, Masimpur","Silchar Medical College, Silchar","788014"
"Sarhadi Gandhi Marg, Old Rajinder Nagar, Rajinder Nagar, 110060 New Delhi, Delhi , India","16","New Delhi","India","Sarhadi Gandhi Marg, Old Rajinder Nagar, Rajinder Nagar, New Delhi, Delhi 110060","2020-03-26 07:52:31","Sarhadi Gandhi Marg, Old Rajinder Nagar, Rajinder Nagar, New Delhi, Delhi 110060","172","28.638811","77.190071","","/index.php/testing-facilities/16-private-laboratories/172-sir-ganga-ram-hospital-clinical-laboratory-services-new-delhi","Delhi ","Sarhadi Gandhi Marg, Old Rajinder Nagar, Rajinder Nagar","Sir ganga ram hospital clinical laboratory services, New Delhi","110060"
"MIDC, R-282, Thane - Belapur Rd, T.T.C. Industrial Area, Rabale, 400701  Navi Mumbai, Maharashtra, India","16","Navi Mumbai","India","Reliance Life Sciences Pvt Ltd, <span class=""LrzXr""> MIDC, R-282, Thane - Belapur Rd, T.T.C. Industrial Area, Rabale, Navi</span>...","2020-03-23 07:42:21","Reliance Life Sciences Pvt Ltd, <span class=""LrzXr""> MIDC, R-282, Thane - Belapur Rd, T.T.C. Industrial Area, Rabale, Navi Mumbai, Maharashtra 400701</span>","111","19.139215","73.002266","","/index.php/testing-facilities/16-private-laboratories/111-sir-h-n-reliance-foundation-hospital-and-research-center-mumbai","Maharashtra","MIDC, R-282, Thane - Belapur Rd, T.T.C. Industrial Area, Rabale","Sir H.N. Reliance Foundation Hospital and Research Center, Mumbai","400701 "
"CGHS Complex, Old Aiport Road, Motilal Nehru Nagar, Begumpet, 500016 Hyderabad, Telangana , India","15","Hyderabad","India","CGHS Complex, Old Aiport Road, Motilal Nehru Nagar, Begumpet, Hyderabad, Telangana 500016","2020-03-24 20:38:24","CGHS Complex, Old Aiport Road, Motilal Nehru Nagar, Begumpet, Hyderabad, Telangana 500016","163","17.445538","78.472244","","/index.php/testing-facilities/15-government-laboratories/163-sir-ronald-ross-of-tropical-communicable-diseases-hyderabad","Telangana ","CGHS Complex, Old Aiport Road, Motilal Nehru Nagar, Begumpet","Sir Ronald Ross of Tropical & Communicable Diseases, Hyderabad","500016"
"Sungava, 737101 Gangtok, Sikkim, India","17","Gangtok","India","Sungava, Gangtok, Sikkim 737101","2020-03-30 07:02:29","Sungava, Gangtok, Sikkim 737101","205","27.346516","88.603371","","/index.php/testing-facilities/17-collection-sites/205-sir-thutob-namgyal-memorial-stnm-gangtok","Sikkim","Sungava","Sir Thutob Namgyal Memorial (STNM), Gangtok","737101"
"Jai Nagar W Rd, Chalakkuzhi, 695011 Thiruvananthapuram, Kerela, India","15","Thiruvananthapuram","India","Sree Chitra Tirunal Institute for Medical Sciences & Technology, Jai Nagar W Rd, Chalakkuzhi,...","2020-03-23 10:20:21","Sree Chitra Tirunal Institute for Medical Sciences & Technology, Jai Nagar W Rd, Chalakkuzhi, Thiruvananthapuram, Kerala 695011","133","8.521672","76.924194","","/index.php/testing-facilities/15-government-laboratories/133-sree-chitra-tirunal-institute-for-medical-sciences-technology-thiruvananthapuram","Kerela","Jai Nagar W Rd, Chalakkuzhi","Sree Chitra Tirunal Institute for Medical Sciences & Technology, Thiruvananthapuram","695011"
"No.1 Ramachandra Nagar Porur, 600116 Chennai, Tamil Nadu, India","16","Chennai","India","No.1 Ramachandra Nagar Porur, Chennai - 600116 Tamil Nadu, India","2020-03-26 08:07:46","No.1 Ramachandra Nagar Porur, Chennai - 600116 Tamil Nadu, India","175","13.023108","80.111176","","/index.php/testing-facilities/16-private-laboratories/175-sri-ramachandra-laboratory-services-chennai","Tamil Nadu","No.1 Ramachandra Nagar Porur","SRI RAMACHANDRA LABORATORY SERVICES, Chennai","600116"
"Alipiri Rd, Sri Padmavati Mahila Visvavidyalayam, Tirupati, 517507 Tirupati, Andhra Pradesh, India","15","Tirupati","India","Sri Venkateswara Institute of Medical Sciences, Tirupati, Andhra Pradesh Alipiri Rd, Sri Padmavati...","2020-03-22 10:47:32","Sri Venkateswara Institute of Medical Sciences, Tirupati, Andhra Pradesh Alipiri Rd, Sri Padmavati Mahila Visvavidyalayam, Tirupati, Andhra Pradesh 517507","4","13.640438","79.40374","","/index.php/testing-facilities/15-government-laboratories/4-sri-venkateswara-institute-of-medical-sciences-tirupati","Andhra Pradesh","Alipiri Rd, Sri Padmavati Mahila Visvavidyalayam, Tirupati","Sri Venkateswara Institute of Medical Sciences, Tirupati","517507"
"Prime Square building, Gaiwadi Industrial, estate,, 400062 Mumbai, Maharashtra, India","16","Mumbai","India","<span class=""section-info-text""><span class=""widget-pane-link"">SRL Diagnostics, Plot No 1, Prime Square building, Gaiwadi Industrial, estate, Next to Patel</span></span>...","2020-03-23 08:04:10","<span class=""section-info-text""><span class=""widget-pane-link"">SRL Diagnostics, Plot No 1, Prime Square building, Gaiwadi Industrial, estate, Next to Patel Petrol Pump, Opposite Mahesh Nagar, S.V. Road, Goregaon West, Mumbai, Maharashtra 400062</span></span>","116","19.171404","72.843422","","/index.php/testing-facilities/16-private-laboratories/116-srl-diagnostics-goregaon-west","Maharashtra","Prime Square building, Gaiwadi Industrial, estate,","SRL Diagnostics, Goregaon West","400062"
"GP 26 Sector 18,, 122015  gurgaon, Haryana, India","16"," gurgaon","India","SRL Limited, GP 26 Sector 18, gurgaon, Haryana, India Pin 122015","2020-03-23 09:30:32","SRL Limited, GP 26 Sector 18, gurgaon, Haryana, India Pin 122015","127","28.489103","77.059502","","/index.php/testing-facilities/16-private-laboratories/127-srl-limited","Haryana","GP 26 Sector 18,","SRL Limited","122015"
"No. 1, Old Jail Rd, Old Washermanpet, 600001 Chennai, Tamil Nadu, India","18","Chennai","India","No. 1, Old Jail Rd, Old Washermanpet, Chennai, Tamil Nadu 600001","2020-03-30 06:09:43","No. 1, Old Jail Rd, Old Washermanpet, Chennai, Tamil Nadu 600001","199","13.106272","80.286674","","/index.php/testing-facilities/18-government-laboratories-not-supported-by-icmr/199-stanley-medical-college-chennai","Tamil Nadu","No. 1, Old Jail Rd, Old Washermanpet","Stanley Medical College, Chennai","600001"
"Red Cross Road, Near, General Hospital Rd, Rishimangalam, Pattoor, , 695024 Thiruvananthapuram, , Kerala , India","15","Thiruvananthapuram, ","India","Red Cross Road, Near, General Hospital Rd, Rishimangalam, Pattoor, Thiruvananthapuram, Kerala 695024","2020-03-24 14:06:26","Red Cross Road, Near, General Hospital Rd, Rishimangalam, Pattoor, Thiruvananthapuram, Kerala 695024","159","8.498161","76.939453","","/index.php/testing-facilities/15-government-laboratories/159-state-public-health-laboratory-trivandrum","Kerala ","Red Cross Road, Near, General Hospital Rd, Rishimangalam, Pattoor, ","State Public Health Laboratory, Trivandrum","695024"
" A-17, Info Technology Park, Sector 34,, 122001 Gurugram, Haryana, India","16","Gurugram","India","Strand Life Sciences, <span class=""section-info-text""><span class=""widget-pane-link"">A-17, Info Technology Park, Sector 34, Gurugram, Haryana 122001</span></span>","2020-03-23 08:22:15","Strand Life Sciences, <span class=""section-info-text""><span class=""widget-pane-link"">A-17, Info Technology Park, Sector 34, Gurugram, Haryana 122001</span></span>","119","28.426413","77.019768","","/index.php/testing-facilities/16-private-laboratories/119-strand-life-sciences-gurugram","Haryana"," A-17, Info Technology Park, Sector 34,","Strand Life Sciences, Gurugram","122001"
"2nd Floor Aston, Shastri Nagar, 400053  Andheri (W), Mumbai, Maharashtra, India","16"," Andheri (W), Mumbai","India","2nd Floor Aston, Shastri Nagar, Andheri (W), Mumbai, Maharashtra, India  400053","2020-03-23 07:50:03","2nd Floor Aston, Shastri Nagar, Andheri (W), Mumbai, Maharashtra, India  400053","112","19.137468","72.823578","","/index.php/testing-facilities/16-private-laboratories/112-suburban-diagnostics-india-pvt-ltd","Maharashtra","2nd Floor Aston, Shastri Nagar","SUBURBAN DIAGNOSTICS (INDIA) PVT. LTD","400053"
"Kedar Builiding, Opp. Krupa petrol Pump, 380006 Ahmedabad, Gujarat, India","16","Ahmedabad","India","Supratech Micropath Laboratory & Research Institute Pvt. Ltd., Neuberg Supratech, Ground Floor,...","2020-03-23 12:28:19","Supratech Micropath Laboratory & Research Institute Pvt. Ltd., Neuberg Supratech, Ground Floor, Kedar Builiding, Opp. Krupa petrol Pump Parimal garden, Gujarat 380006","144","23.019835","72.557091","","/index.php/testing-facilities/16-private-laboratories/144-supratech-micropath-laboratory-research-institute-pvt-ltd-ahmedabad","Gujarat","Kedar Builiding, Opp. Krupa petrol Pump","Supratech Micropath Laboratory & Research Institute Pvt. Ltd., Ahmedabad","380006"
"Dr Ernest Borges Road, Parel, 400012 Mumbai, Maharashtra, India","16","Mumbai","India","Dept. of Microbiology & Serology, 6th Floor, Anexe Building, Tata Memorial Hospital, Dr. E. Borges...","2020-03-28 07:35:54","Dept. of Microbiology & Serology, 6th Floor, Anexe Building, Tata Memorial Hospital, Dr. E. Borges Road, Parel, Mumbai 400012","190","19.004614","72.843033","","/index.php/testing-facilities/16-private-laboratories/190-tata-memorial-centre-diagnostic-services-tata-memorial-hospital-mumbai","Maharashtra","Dr Ernest Borges Road, Parel","Tata Memorial Centre Diagnostic Services, Tata Memorial Hospital, Mumbai","400012"
"9th Floor, 1-1-156 & 157, Alexander Road, S. P. Road, 500003 Secunderabad, Telangana, ","16","Secunderabad","","9th Floor, 1-1-156 & 157, Alexander Road, S. P. Road, Secunderabad, Telangana 500003","2020-03-31 07:45:51","9th Floor, 1-1-156 & 157, Alexander Road, S. P. Road, Secunderabad, Telangana 500003","214","17.442057","78.497147","","/index.php/testing-facilities/16-private-laboratories/214-the-department-of-laboratory-medicine-yashoda-hospital","Telangana","9th Floor, 1-1-156 & 157, Alexander Road, S. P. Road","The Department of Laboratory Medicine, Yashoda Hospital","500003"
"D-37/1 MIDC Turbhe, 400703 Navi Mumbai, Maharashtra, India","16","Navi Mumbai","India","Thyrocare Technologies Limited, D-37/1 MIDC Turbhe Opp Sandoz, MIDC Industrial Area, Sanpada, Navi...","2020-03-23 07:37:15","Thyrocare Technologies Limited, D-37/1 MIDC Turbhe Opp Sandoz, MIDC Industrial Area, Sanpada, Navi Mumbai, Maharashtra 400703","110","19.067995","73.003891","","/index.php/testing-facilities/16-private-laboratories/110-thyrocare-technologies-limited","Maharashtra","D-37/1 MIDC Turbhe","Thyrocare Technologies Limited","400703"
"Old Assembly Complex, 791110 Naharlagun, Arunachal Pradesh , India","17","Naharlagun","India","Old Assembly Complex, Naharlagun, Papumpare District, Arunachal Pradesh 791110","2020-03-30 07:15:53","Old Assembly Complex, Naharlagun, Papumpare District, Arunachal Pradesh 791110","207","27.103872","93.691101","","/index.php/testing-facilities/17-collection-sites/207-tomo-riba-institute-health-and-medical-sciences-trihms-naharlagun","Arunachal Pradesh ","Old Assembly Complex","Tomo Riba Institute Health and Medical Sciences (TRIHMS), Naharlagun","791110"
"102, 1st Floor, Sanoma Plaza, Sheth Mangald Road, 380006 Ahmedabad, Gujarat, India","16","Ahmedabad","India","Unipath Speciality Laboratory Limited,, <span class=""section-info-text""><span class=""widget-pane-link"">102, 1st Floor, Sanoma Plaza, Sheth Mangald Road, Opp.</span></span>...","2020-03-23 07:56:43","Unipath Speciality Laboratory Limited,, <span class=""section-info-text""><span class=""widget-pane-link"">102, 1st Floor, Sanoma Plaza, Sheth Mangald Road, Opp. Parimal Garden, Ellisbridge, Ahmedabad, Gujarat 380006</span></span>","114","22.113466","71.736961","","/index.php/testing-facilities/16-private-laboratories/114-unipath-speciality-laboratory-limited-ahmedabad","Gujarat","102, 1st Floor, Sanoma Plaza, Sheth Mangald Road","Unipath Speciality Laboratory Limited, Ahmedabad","380006"
"Off, Kurawali - Mainpuri - Etawah Rd,  206130 Saifai, Uttar Pradesh, India","15","Saifai","India","Off, Kurawali - Mainpuri - Etawah Rd, Saifai, Uttar Pradesh 206130","2020-03-22 20:43:33","Off, Kurawali - Mainpuri - Etawah Rd, Saifai, Uttar Pradesh 206130","38","26.960838","78.958397","","/index.php/testing-facilities/15-government-laboratories/38-uttar-pradesh-university-of-medical-sciences-saifai-etawah","Uttar Pradesh","Off, Kurawali - Mainpuri - Etawah Rd","Uttar Pradesh University of Medical Sciences, Saifai, Etawah"," 206130"
"Opp. District Court, 413003 Solapur, Maharashtra, India","15","Solapur","India","Opp. District Court, Solapur, Maharashtra 413003, India","2020-03-28 11:22:06","Opp. District Court, Solapur, Maharashtra 413003, India","193","17.665312","75.909637","","/index.php/testing-facilities/15-government-laboratories/193-v-m-govt-medical-college-solapur","Maharashtra","Opp. District Court","V. M. Govt. Medical College, Solapur.","413003"
"3-6-16 & 17, Street No.19, 500029 Hyderabad, Telangana, India","16","Hyderabad","India","Vijaya Diagnostic Centre Pvt. Ltd, 3-6-16 & 17, Street No.19, opp. Lane to Tanishq, Chandra Nagar,...","2020-03-24 06:22:48","Vijaya Diagnostic Centre Pvt. Ltd, 3-6-16 & 17, Street No.19, opp. Lane to Tanishq, Chandra Nagar, Himayatnagar, Hyderabad, Telangana 500029","148","17.404165","78.477684","","/index.php/testing-facilities/16-private-laboratories/148-vijaya-diagnostic-centre-pvt-ltd-hyderabad","Telangana","3-6-16 & 17, Street No.19","Vijaya Diagnostic Centre Pvt. Ltd, Hyderabad","500029"
" Plot No. 142, Phase 2, IDA Cherlapally, 500051 Hyderabad, Telangana, India","16","Hyderabad","India","Vimta Labs Ltd., Plot No. 142, Phase 2, IDA Cherlapally, Hyderabad, Telangana, India 500051","2020-03-24 06:26:18","Vimta Labs Ltd., Plot No. 142, Phase 2, IDA Cherlapally, Hyderabad, Telangana, India 500051","149","17.470873","78.600082","","/index.php/testing-facilities/16-private-laboratories/149-vimta-labs-ltd-hyderabad","Telangana"," Plot No. 142, Phase 2, IDA Cherlapally","Vimta Labs Ltd., Hyderabad,","500051"
"SH 49A, Pallipattu, Tharamani, 600113 Chennai, Tamil Nadu, India","16","Chennai","India","Division of Molecular Biology & Genotyping, YRG CARE Infectious Diseases Laboratory VHS Hospital...","2020-03-30 10:06:22","Division of Molecular Biology & Genotyping, YRG CARE Infectious Diseases Laboratory VHS Hospital Campus, Rajiv Gandhi Road, Tharamani, Chennai, Tamil Nadu 600113","208","13.002532","80.246841","","/index.php/testing-facilities/16-private-laboratories/208-y-r-gaitonde-centre-for-aids-research-and-education-yrg-care-chennai","Tamil Nadu","SH 49A, Pallipattu, Tharamani","Y. R. Gaitonde Centre for AIDS Research and Education (YRG Care), Chennai","600113"
